#;name;types;HP_base;Atk_base;Def_base;spA_base;spD_base;Speed_base;HP_lo;Atk_lo;Def_lo;spA_lo;spD_lo;Speed_lo;HP_hi;Atk_hi;Def_hi;spA_hi;spD_hi;Speed_hi
1;Bulbasaur;Grass Poison;45;49;49;65;65;45;200;92;92;121;121;85;294;216;216;251;251;207
2;Ivysaur;Grass Poison;60;62;63;80;80;60;230;116;117;148;148;112;324;245;247;284;284;240
3;Venusaur;Grass Poison;80;82;83;100;100;80;270;152;153;184;184;148;364;289;291;328;328;284
4;Charmander;Fire;39;52;43;60;50;65;188;98;81;112;94;121;282;223;203;240;218;251
5;Charmeleon;Fire;58;64;58;80;65;80;226;119;108;148;121;148;320;249;236;284;251;284
6;Charizard;Fire Flying;78;84;78;109;85;100;266;155;144;200;157;184;360;293;280;348;295;328
7;Squirtle;Water;44;48;65;50;64;43;198;90;121;94;119;81;292;214;251;218;249;203
8;Wartortle;Water;59;63;80;65;80;58;228;117;148;121;148;108;322;247;284;251;284;236
9;Blastoise;Water;79;83;100;85;105;78;268;153;184;157;193;144;362;291;328;295;339;280
10;Caterpie;Bug;45;30;35;20;20;45;200;58;67;40;40;85;294;174;185;152;152;207
11;Metapod;Bug;50;20;55;25;25;30;210;40;103;49;49;58;304;152;229;163;163;174
12;Butterfree;Bug Flying;60;45;50;90;80;70;230;85;94;166;148;130;324;207;218;306;284;262
13;Weedle;Bug Poison;40;35;30;20;20;50;190;67;58;40;40;94;284;185;174;152;152;218
14;Kakuna;Bug Poison;45;25;50;25;25;35;200;49;94;49;49;67;294;163;218;163;163;185
15;Beedrill;Bug Poison;65;90;40;45;80;75;240;166;76;85;148;139;334;306;196;207;284;273
16;Pidgey;Normal Flying;40;45;40;35;35;56;190;85;76;67;67;105;284;207;196;185;185;232
17;Pidgeotto;Normal Flying;63;60;55;50;50;71;236;112;103;94;94;132;330;240;229;218;218;265
18;Pidgeot;Normal Flying;83;80;75;70;70;101;276;148;139;130;130;186;370;284;273;262;262;331
19;Rattata;Normal;30;56;35;25;35;72;170;105;67;49;67;134;264;232;185;163;185;267
20;Raticate;Normal;55;81;60;50;70;97;220;150;112;94;130;179;314;287;240;218;262;322
21;Spearow;Normal Flying;40;60;30;31;31;70;190;112;58;60;60;130;284;240;174;177;177;262
22;Fearow;Normal Flying;65;90;65;61;61;100;240;166;121;114;114;184;334;306;251;243;243;328
23;Ekans;Poison;35;60;44;40;54;55;180;112;83;76;101;103;274;240;205;196;227;229
24;Arbok;Poison;60;95;69;65;79;80;230;175;128;121;146;148;324;317;260;251;282;284
25;Pikachu;Electric;35;55;40;50;50;90;180;103;76;94;94;166;274;229;196;218;218;306
26;Raichu;Electric;60;90;55;90;80;110;230;166;103;166;148;202;324;306;229;306;284;350
27;Sandshrew;Ground;50;75;85;20;30;40;210;139;157;40;58;76;304;273;295;152;174;196
28;Sandslash;Ground;75;100;110;45;55;65;260;184;202;85;103;121;354;328;350;207;229;251
29;Nidoran (female);Poison;55;47;52;40;40;41;220;89;98;76;76;78;314;212;223;196;196;199
30;Nidorina;Poison;70;62;67;55;55;56;250;116;125;103;103;105;344;245;256;229;229;232
31;Nidoqueen;Poison Ground;90;92;87;75;85;76;290;170;161;139;157;141;384;311;300;273;295;276
32;Nidoran (male);Poison;46;57;40;40;40;50;202;107;76;76;76;94;296;234;196;196;196;218
33;Nidorino;Poison;61;72;57;55;55;65;232;134;107;103;103;121;326;267;234;229;229;251
34;Nidoking;Poison Ground;81;102;77;85;75;85;272;188;143;157;139;157;366;333;278;295;273;295
35;Clefairy;Fairy;70;45;48;60;65;35;250;85;90;112;121;67;344;207;214;240;251;185
36;Clefable;Fairy;95;70;73;95;90;60;300;130;135;175;166;112;394;262;269;317;306;240
37;Vulpix;Fire;38;41;40;50;65;65;186;78;76;94;121;121;280;199;196;218;251;251
38;Ninetales;Fire;73;76;75;81;100;100;256;141;139;150;184;184;350;276;273;287;328;328
39;Jigglypuff;Normal Fairy;115;45;20;45;25;20;340;85;40;85;49;40;434;207;152;207;163;152
40;Wigglytuff;Normal Fairy;140;70;45;85;50;45;390;130;85;157;94;85;484;262;207;295;218;207
41;Zubat;Poison Flying;40;45;35;30;40;55;190;85;67;58;76;103;284;207;185;174;196;229
42;Golbat;Poison Flying;75;80;70;65;75;90;260;148;130;121;139;166;354;284;262;251;273;306
43;Oddish;Grass Poison;45;50;55;75;65;30;200;94;103;139;121;58;294;218;229;273;251;174
44;Gloom;Grass Poison;60;65;70;85;75;40;230;121;130;157;139;76;324;251;262;295;273;196
45;Vileplume;Grass Poison;75;80;85;110;90;50;260;148;157;202;166;94;354;284;295;350;306;218
46;Paras;Bug Grass;35;70;55;45;55;25;180;130;103;85;103;49;274;262;229;207;229;163
47;Parasect;Bug Grass;60;95;80;60;80;30;230;175;148;112;148;58;324;317;284;240;284;174
48;Venonat;Bug Poison;60;55;50;40;55;45;230;103;94;76;103;85;324;229;218;196;229;207
49;Venomoth;Bug Poison;70;65;60;90;75;90;250;121;112;166;139;166;344;251;240;306;273;306
50;Diglett;Ground;10;55;25;35;45;95;130;103;49;67;85;175;224;229;163;185;207;317
51;Dugtrio;Ground;35;100;50;50;70;120;180;184;94;94;130;220;274;328;218;218;262;372
52;Meowth;Normal;40;45;35;40;40;90;190;85;67;76;76;166;284;207;185;196;196;306
53;Persian;Normal;65;70;60;65;65;115;240;130;112;121;121;211;334;262;240;251;251;361
54;Psyduck;Water;50;52;48;65;50;55;210;98;90;121;94;103;304;223;214;251;218;229
55;Golduck;Water;80;82;78;95;80;85;270;152;144;175;148;157;364;289;280;317;284;295
56;Mankey;Fighting;40;80;35;35;45;70;190;148;67;67;85;130;284;284;185;185;207;262
57;Primeape;Fighting;65;105;60;60;70;95;240;193;112;112;130;175;334;339;240;240;262;317
58;Growlithe;Fire;55;70;45;70;50;60;220;130;85;130;94;112;314;262;207;262;218;240
59;Arcanine;Fire;90;110;80;100;80;95;290;202;148;184;148;175;384;350;284;328;284;317
60;Poliwag;Water;40;50;40;40;40;90;190;94;76;76;76;166;284;218;196;196;196;306
61;Poliwhirl;Water;65;65;65;50;50;90;240;121;121;94;94;166;334;251;251;218;218;306
62;Poliwrath;Water Fighting;90;95;95;70;90;70;290;175;175;130;166;130;384;317;317;262;306;262
63;Abra;Psychic;25;20;15;105;55;90;160;40;31;193;103;166;254;152;141;339;229;306
64;Kadabra;Psychic;40;35;30;120;70;105;190;67;58;220;130;193;284;185;174;372;262;339
65;Alakazam;Psychic;55;50;45;135;95;120;220;94;85;247;175;220;314;218;207;405;317;372
66;Machop;Fighting;70;80;50;35;35;35;250;148;94;67;67;67;344;284;218;185;185;185
67;Machoke;Fighting;80;100;70;50;60;45;270;184;130;94;112;85;364;328;262;218;240;207
68;Machamp;Fighting;90;130;80;65;85;55;290;238;148;121;157;103;384;394;284;251;295;229
69;Bellsprout;Grass Poison;50;75;35;70;30;40;210;139;67;130;58;76;304;273;185;262;174;196
70;Weepinbell;Grass Poison;65;90;50;85;45;55;240;166;94;157;85;103;334;306;218;295;207;229
71;Victreebel;Grass Poison;80;105;65;100;70;70;270;193;121;184;130;130;364;339;251;328;262;262
72;Tentacool;Water Poison;40;40;35;50;100;70;190;76;67;94;184;130;284;196;185;218;328;262
73;Tentacruel;Water Poison;80;70;65;80;120;100;270;130;121;148;220;184;364;262;251;284;372;328
74;Geodude;Rock Ground;40;80;100;30;30;20;190;148;184;58;58;40;284;284;328;174;174;152
75;Graveler;Rock Ground;55;95;115;45;45;35;220;175;211;85;85;67;314;317;361;207;207;185
76;Golem;Rock Ground;80;120;130;55;65;45;270;220;238;103;121;85;364;372;394;229;251;207
77;Ponyta;Fire;50;85;55;65;65;90;210;157;103;121;121;166;304;295;229;251;251;306
78;Rapidash;Fire;65;100;70;80;80;105;240;184;130;148;148;193;334;328;262;284;284;339
79;Slowpoke;Water Psychic;90;65;65;40;40;15;290;121;121;76;76;31;384;251;251;196;196;141
80;Slowbro;Water Psychic;95;75;110;100;80;30;300;139;202;184;148;58;394;273;350;328;284;174
81;Magnemite;Electric Steel;25;35;70;95;55;45;160;67;130;175;103;85;254;185;262;317;229;207
82;Magneton;Electric Steel;50;60;95;120;70;70;210;112;175;220;130;130;304;240;317;372;262;262
83;Farfetch'd;Normal Flying;52;90;55;58;62;60;214;166;103;108;116;112;308;306;229;236;245;240
84;Doduo;Normal Flying;35;85;45;35;35;75;180;157;85;67;67;139;274;295;207;185;185;273
85;Dodrio;Normal Flying;60;110;70;60;60;110;230;202;130;112;112;202;324;350;262;240;240;350
86;Seel;Water;65;45;55;45;70;45;240;85;103;85;130;85;334;207;229;207;262;207
87;Dewgong;Water Ice;90;70;80;70;95;70;290;130;148;130;175;130;384;262;284;262;317;262
88;Grimer;Poison;80;80;50;40;50;25;270;148;94;76;94;49;364;284;218;196;218;163
89;Muk;Poison;105;105;75;65;100;50;320;193;139;121;184;94;414;339;273;251;328;218
90;Shellder;Water;30;65;100;45;25;40;170;121;184;85;49;76;264;251;328;207;163;196
91;Cloyster;Water Ice;50;95;180;85;45;70;210;175;328;157;85;130;304;317;504;295;207;262
92;Gastly;Ghost Poison;30;35;30;100;35;80;170;67;58;184;67;148;264;185;174;328;185;284
93;Haunter;Ghost Poison;45;50;45;115;55;95;200;94;85;211;103;175;294;218;207;361;229;317
94;Gengar;Ghost Poison;60;65;60;130;75;110;230;121;112;238;139;202;324;251;240;394;273;350
95;Onix;Rock Ground;35;45;160;30;45;70;180;85;292;58;85;130;274;207;460;174;207;262
96;Drowzee;Psychic;60;48;45;43;90;42;230;90;85;81;166;80;324;214;207;203;306;201
97;Hypno;Psychic;85;73;70;73;115;67;280;135;130;135;211;125;374;269;262;269;361;256
98;Krabby;Water;30;105;90;25;25;50;170;193;166;49;49;94;264;339;306;163;163;218
99;Kingler;Water;55;130;115;50;50;75;220;238;211;94;94;139;314;394;361;218;218;273
100;Voltorb;Electric;40;30;50;55;55;100;190;58;94;103;103;184;284;174;218;229;229;328
101;Electrode;Electric;60;50;70;80;80;150;230;94;130;148;148;274;324;218;262;284;284;438
102;Exeggcute;Grass Psychic;60;40;80;60;45;40;230;76;148;112;85;76;324;196;284;240;207;196
103;Exeggutor;Grass Psychic;95;95;85;125;75;55;300;175;157;229;139;103;394;317;295;383;273;229
104;Cubone;Ground;50;50;95;40;50;35;210;94;175;76;94;67;304;218;317;196;218;185
105;Marowak;Ground;60;80;110;50;80;45;230;148;202;94;148;85;324;284;350;218;284;207
106;Hitmonlee;Fighting;50;120;53;35;110;87;210;220;99;67;202;161;304;372;225;185;350;300
107;Hitmonchan;Fighting;50;105;79;35;110;76;210;193;146;67;202;141;304;339;282;185;350;276
108;Lickitung;Normal;90;55;75;60;75;30;290;103;139;112;139;58;384;229;273;240;273;174
109;Koffing;Poison;40;65;95;60;45;35;190;121;175;112;85;67;284;251;317;240;207;185
110;Weezing;Poison;65;90;120;85;70;60;240;166;220;157;130;112;334;306;372;295;262;240
111;Rhyhorn;Ground Rock;80;85;95;30;30;25;270;157;175;58;58;49;364;295;317;174;174;163
112;Rhydon;Ground Rock;105;130;120;45;45;40;320;238;220;85;85;76;414;394;372;207;207;196
113;Chansey;Normal;250;5;5;35;105;50;610;13;13;67;193;94;704;119;119;185;339;218
114;Tangela;Grass;65;55;115;100;40;60;240;103;211;184;76;112;334;229;361;328;196;240
115;Kangaskhan;Normal;105;95;80;40;80;90;320;175;148;76;148;166;414;317;284;196;284;306
116;Horsea;Water;30;40;70;70;25;60;170;76;130;130;49;112;264;196;262;262;163;240
117;Seadra;Water;55;65;95;95;45;85;220;121;175;175;85;157;314;251;317;317;207;295
118;Goldeen;Water;45;67;60;35;50;63;200;125;112;67;94;117;294;256;240;185;218;247
119;Seaking;Water;80;92;65;65;80;68;270;170;121;121;148;126;364;311;251;251;284;258
120;Staryu;Water;30;45;55;70;55;85;170;85;103;130;103;157;264;207;229;262;229;295
121;Starmie;Water Psychic;60;75;85;100;85;115;230;139;157;184;157;211;324;273;295;328;295;361
122;Mr. Mime;Psychic Fairy;40;45;65;100;120;90;190;85;121;184;220;166;284;207;251;328;372;306
123;Scyther;Bug Flying;70;110;80;55;80;105;250;202;148;103;148;193;344;350;284;229;284;339
124;Jynx;Ice Psychic;65;50;35;115;95;95;240;94;67;211;175;175;334;218;185;361;317;317
125;Electabuzz;Electric;65;83;57;95;85;105;240;153;107;175;157;193;334;291;234;317;295;339
126;Magmar;Fire;65;95;57;100;85;93;240;175;107;184;157;171;334;317;234;328;295;313
127;Pinsir;Bug;65;125;100;55;70;85;240;229;184;103;130;157;334;383;328;229;262;295
128;Tauros;Normal;75;100;95;40;70;110;260;184;175;76;130;202;354;328;317;196;262;350
129;Magikarp;Water;20;10;55;15;20;80;150;22;103;31;40;148;244;130;229;141;152;284
130;Gyarados;Water Flying;95;125;79;60;100;81;300;229;146;112;184;150;394;383;282;240;328;287
131;Lapras;Water Ice;130;85;80;85;95;60;370;157;148;157;175;112;464;295;284;295;317;240
132;Ditto;Normal;48;48;48;48;48;48;206;90;90;90;90;90;300;214;214;214;214;214
133;Eevee;Normal;55;55;50;45;65;55;220;103;94;85;121;103;314;229;218;207;251;229
134;Vaporeon;Water;130;65;60;110;95;65;370;121;112;202;175;121;464;251;240;350;317;251
135;Jolteon;Electric;65;65;60;110;95;130;240;121;112;202;175;238;334;251;240;350;317;394
136;Flareon;Fire;65;130;60;95;110;65;240;238;112;175;202;121;334;394;240;317;350;251
137;Porygon;Normal;65;60;70;85;75;40;240;112;130;157;139;76;334;240;262;295;273;196
138;Omanyte;Rock Water;35;40;100;90;55;35;180;76;184;166;103;67;274;196;328;306;229;185
139;Omastar;Rock Water;70;60;125;115;70;55;250;112;229;211;130;103;344;240;383;361;262;229
140;Kabuto;Rock Water;30;80;90;55;45;55;170;148;166;103;85;103;264;284;306;229;207;229
141;Kabutops;Rock Water;60;115;105;65;70;80;230;211;193;121;130;148;324;361;339;251;262;284
142;Aerodactyl;Rock Flying;80;105;65;60;75;130;270;193;121;112;139;238;364;339;251;240;273;394
143;Snorlax;Normal;160;110;65;65;110;30;430;202;121;121;202;58;524;350;251;251;350;174
144;Articuno;Ice Flying;90;85;100;95;125;85;290;157;184;175;229;157;384;295;328;317;383;295
145;Zapdos;Electric Flying;90;90;85;125;90;100;290;166;157;229;166;184;384;306;295;383;306;328
146;Moltres;Fire Flying;90;100;90;125;85;90;290;184;166;229;157;166;384;328;306;383;295;306
147;Dratini;Dragon;41;64;45;50;50;50;192;119;85;94;94;94;286;249;207;218;218;218
148;Dragonair;Dragon;61;84;65;70;70;70;232;155;121;130;130;130;326;293;251;262;262;262
149;Dragonite;Dragon Flying;91;134;95;100;100;80;292;245;175;184;184;148;386;403;317;328;328;284
150;Mewtwo;Psychic;106;110;90;154;90;130;322;202;166;281;166;238;416;350;306;447;306;394
151;Mew;Psychic;100;100;100;100;100;100;310;184;184;184;184;184;404;328;328;328;328;328
152;Chikorita;Grass;45;49;65;49;65;45;200;92;121;92;121;85;294;216;251;216;251;207
153;Bayleef;Grass;60;62;80;63;80;60;230;116;148;117;148;112;324;245;284;247;284;240
154;Meganium;Grass;80;82;100;83;100;80;270;152;184;153;184;148;364;289;328;291;328;284
155;Cyndaquil;Fire;39;52;43;60;50;65;188;98;81;112;94;121;282;223;203;240;218;251
156;Quilava;Fire;58;64;58;80;65;80;226;119;108;148;121;148;320;249;236;284;251;284
157;Typhlosion;Fire;78;84;78;109;85;100;266;155;144;200;157;184;360;293;280;348;295;328
158;Totodile;Water;50;65;64;44;48;43;210;121;119;83;90;81;304;251;249;205;214;203
159;Croconaw;Water;65;80;80;59;63;58;240;148;148;110;117;108;334;284;284;238;247;236
160;Feraligatr;Water;85;105;100;79;83;78;280;193;184;146;153;144;374;339;328;282;291;280
161;Sentret;Normal;35;46;34;35;45;20;180;87;65;67;85;40;274;210;183;185;207;152
162;Furret;Normal;85;76;64;45;55;90;280;141;119;85;103;166;374;276;249;207;229;306
163;Hoothoot;Normal Flying;60;30;30;36;56;50;230;58;58;69;105;94;324;174;174;188;232;218
164;Noctowl;Normal Flying;100;50;50;86;96;70;310;94;94;159;177;130;404;218;218;298;320;262
165;Ledyba;Bug Flying;40;20;30;40;80;55;190;40;58;76;148;103;284;152;174;196;284;229
166;Ledian;Bug Flying;55;35;50;55;110;85;220;67;94;103;202;157;314;185;218;229;350;295
167;Spinarak;Bug Poison;40;60;40;40;40;30;190;112;76;76;76;58;284;240;196;196;196;174
168;Ariados;Bug Poison;70;90;70;60;70;40;250;166;130;112;130;76;344;306;262;240;262;196
169;Crobat;Poison Flying;85;90;80;70;80;130;280;166;148;130;148;238;374;306;284;262;284;394
170;Chinchou;Water Electric;75;38;38;56;56;67;260;72;72;105;105;125;354;192;192;232;232;256
171;Lanturn;Water Electric;125;58;58;76;76;67;360;108;108;141;141;125;454;236;236;276;276;256
172;Pichu;Electric;20;40;15;35;35;60;150;76;31;67;67;112;244;196;141;185;185;240
173;Cleffa;Fairy;50;25;28;45;55;15;210;49;54;85;103;31;304;163;170;207;229;141
174;Igglybuff;Normal Fairy;90;30;15;40;20;15;290;58;31;76;40;31;384;174;141;196;152;141
175;Togepi;Fairy;35;20;65;40;65;20;180;40;121;76;121;40;274;152;251;196;251;152
176;Togetic;Fairy Flying;55;40;85;80;105;40;220;76;157;148;193;76;314;196;295;284;339;196
177;Natu;Psychic Flying;40;50;45;70;45;70;190;94;85;130;85;130;284;218;207;262;207;262
178;Xatu;Psychic Flying;65;75;70;95;70;95;240;139;130;175;130;175;334;273;262;317;262;317
179;Mareep;Electric;55;40;40;65;45;35;220;76;76;121;85;67;314;196;196;251;207;185
180;Flaaffy;Electric;70;55;55;80;60;45;250;103;103;148;112;85;344;229;229;284;240;207
181;Ampharos;Electric;90;75;85;115;90;55;290;139;157;211;166;103;384;273;295;361;306;229
182;Bellossom;Grass;75;80;95;90;100;50;260;148;175;166;184;94;354;284;317;306;328;218
183;Marill;Water Fairy;70;20;50;20;50;40;250;40;94;40;94;76;344;152;218;152;218;196
184;Azumarill;Water Fairy;100;50;80;60;80;50;310;94;148;112;148;94;404;218;284;240;284;218
185;Sudowoodo;Rock;70;100;115;30;65;30;250;184;211;58;121;58;344;328;361;174;251;174
186;Politoed;Water;90;75;75;90;100;70;290;139;139;166;184;130;384;273;273;306;328;262
187;Hoppip;Grass Flying;35;35;40;35;55;50;180;67;76;67;103;94;274;185;196;185;229;218
188;Skiploom;Grass Flying;55;45;50;45;65;80;220;85;94;85;121;148;314;207;218;207;251;284
189;Jumpluff;Grass Flying;75;55;70;55;95;110;260;103;130;103;175;202;354;229;262;229;317;350
190;Aipom;Normal;55;70;55;40;55;85;220;130;103;76;103;157;314;262;229;196;229;295
191;Sunkern;Grass;30;30;30;30;30;30;170;58;58;58;58;58;264;174;174;174;174;174
192;Sunflora;Grass;75;75;55;105;85;30;260;139;103;193;157;58;354;273;229;339;295;174
193;Yanma;Bug Flying;65;65;45;75;45;95;240;121;85;139;85;175;334;251;207;273;207;317
194;Wooper;Water Ground;55;45;45;25;25;15;220;85;85;49;49;31;314;207;207;163;163;141
195;Quagsire;Water Ground;95;85;85;65;65;35;300;157;157;121;121;67;394;295;295;251;251;185
196;Espeon;Psychic;65;65;60;130;95;110;240;121;112;238;175;202;334;251;240;394;317;350
197;Umbreon;Dark;95;65;110;60;130;65;300;121;202;112;238;121;394;251;350;240;394;251
198;Murkrow;Dark Flying;60;85;42;85;42;91;230;157;80;157;80;168;324;295;201;295;201;309
199;Slowking;Water Psychic;95;75;80;100;110;30;300;139;148;184;202;58;394;273;284;328;350;174
200;Misdreavus;Ghost;60;60;60;85;85;85;230;112;112;157;157;157;324;240;240;295;295;295
201;Unown;Psychic;48;72;48;72;48;48;206;134;90;134;90;90;300;267;214;267;214;214
202;Wobbuffet;Psychic;190;33;58;33;58;33;490;63;108;63;108;63;584;181;236;181;236;181
203;Girafarig;Normal Psychic;70;80;65;90;65;85;250;148;121;166;121;157;344;284;251;306;251;295
204;Pineco;Bug;50;65;90;35;35;15;210;121;166;67;67;31;304;251;306;185;185;141
205;Forretress;Bug Steel;75;90;140;60;60;40;260;166;256;112;112;76;354;306;416;240;240;196
206;Dunsparce;Normal;100;70;70;65;65;45;310;130;130;121;121;85;404;262;262;251;251;207
207;Gligar;Ground Flying;65;75;105;35;65;85;240;139;193;67;121;157;334;273;339;185;251;295
208;Steelix;Steel Ground;75;85;200;55;65;30;260;157;364;103;121;58;354;295;548;229;251;174
209;Snubbull;Fairy;60;80;50;40;40;30;230;148;94;76;76;58;324;284;218;196;196;174
210;Granbull;Fairy;90;120;75;60;60;45;290;220;139;112;112;85;384;372;273;240;240;207
211;Qwilfish;Water Poison;65;95;85;55;55;85;240;175;157;103;103;157;334;317;295;229;229;295
212;Scizor;Bug Steel;70;130;100;55;80;65;250;238;184;103;148;121;344;394;328;229;284;251
213;Shuckle;Bug Rock;20;10;230;10;230;5;150;22;418;22;418;13;244;130;614;130;614;119
214;Heracross;Bug Fighting;80;125;75;40;95;85;270;229;139;76;175;157;364;383;273;196;317;295
215;Sneasel;Dark Ice;55;95;55;35;75;115;220;175;103;67;139;211;314;317;229;185;273;361
216;Teddiursa;Normal;60;80;50;50;50;40;230;148;94;94;94;76;324;284;218;218;218;196
217;Ursaring;Normal;90;130;75;75;75;55;290;238;139;139;139;103;384;394;273;273;273;229
218;Slugma;Fire;40;40;40;70;40;20;190;76;76;130;76;40;284;196;196;262;196;152
219;Magcargo;Fire Rock;60;50;120;90;80;30;230;94;220;166;148;58;324;218;372;306;284;174
220;Swinub;Ice Ground;50;50;40;30;30;50;210;94;76;58;58;94;304;218;196;174;174;218
221;Piloswine;Ice Ground;100;100;80;60;60;50;310;184;148;112;112;94;404;328;284;240;240;218
222;Corsola;Water Rock;65;55;95;65;95;35;240;103;175;121;175;67;334;229;317;251;317;185
223;Remoraid;Water;35;65;35;65;35;65;180;121;67;121;67;121;274;251;185;251;185;251
224;Octillery;Water;75;105;75;105;75;45;260;193;139;193;139;85;354;339;273;339;273;207
225;Delibird;Ice Flying;45;55;45;65;45;75;200;103;85;121;85;139;294;229;207;251;207;273
226;Mantine;Water Flying;85;40;70;80;140;70;280;76;130;148;256;130;374;196;262;284;416;262
227;Skarmory;Steel Flying;65;80;140;40;70;70;240;148;256;76;130;130;334;284;416;196;262;262
228;Houndour;Dark Fire;45;60;30;80;50;65;200;112;58;148;94;121;294;240;174;284;218;251
229;Houndoom;Dark Fire;75;90;50;110;80;95;260;166;94;202;148;175;354;306;218;350;284;317
230;Kingdra;Water Dragon;75;95;95;95;95;85;260;175;175;175;175;157;354;317;317;317;317;295
231;Phanpy;Ground;90;60;60;40;40;40;290;112;112;76;76;76;384;240;240;196;196;196
232;Donphan;Ground;90;120;120;60;60;50;290;220;220;112;112;94;384;372;372;240;240;218
233;Porygon2;Normal;85;80;90;105;95;60;280;148;166;193;175;112;374;284;306;339;317;240
234;Stantler;Normal;73;95;62;85;65;85;256;175;116;157;121;157;350;317;245;295;251;295
235;Smeargle;Normal;55;20;35;20;45;75;220;40;67;40;85;139;314;152;185;152;207;273
236;Tyrogue;Fighting;35;35;35;35;35;35;180;67;67;67;67;67;274;185;185;185;185;185
237;Hitmontop;Fighting;50;95;95;35;110;70;210;175;175;67;202;130;304;317;317;185;350;262
238;Smoochum;Ice Psychic;45;30;15;85;65;65;200;58;31;157;121;121;294;174;141;295;251;251
239;Elekid;Electric;45;63;37;65;55;95;200;117;71;121;103;175;294;247;190;251;229;317
240;Magby;Fire;45;75;37;70;55;83;200;139;71;130;103;153;294;273;190;262;229;291
241;Miltank;Normal;95;80;105;40;70;100;300;148;193;76;130;184;394;284;339;196;262;328
242;Blissey;Normal;255;10;10;75;135;55;620;22;22;139;247;103;714;130;130;273;405;229
243;Raikou;Electric;90;85;75;115;100;115;290;157;139;211;184;211;384;295;273;361;328;361
244;Entei;Fire;115;115;85;90;75;100;340;211;157;166;139;184;434;361;295;306;273;328
245;Suicune;Water;100;75;115;90;115;85;310;139;211;166;211;157;404;273;361;306;361;295
246;Larvitar;Rock Ground;50;64;50;45;50;41;210;119;94;85;94;78;304;249;218;207;218;199
247;Pupitar;Rock Ground;70;84;70;65;70;51;250;155;130;121;130;96;344;293;262;251;262;221
248;Tyranitar;Rock Dark;100;134;110;95;100;61;310;245;202;175;184;114;404;403;350;317;328;243
249;Lugia;Psychic Flying;106;90;130;90;154;110;322;166;238;166;281;202;416;306;394;306;447;350
250;Ho-oh;Fire Flying;106;130;90;110;154;90;322;238;166;202;281;166;416;394;306;350;447;306
251;Celebi;Psychic Grass;100;100;100;100;100;100;310;184;184;184;184;184;404;328;328;328;328;328
252;Treecko;Grass;40;45;35;65;55;70;190;85;67;121;103;130;284;207;185;251;229;262
253;Grovyle;Grass;50;65;45;85;65;95;210;121;85;157;121;175;304;251;207;295;251;317
254;Sceptile;Grass;70;85;65;105;85;120;250;157;121;193;157;220;344;295;251;339;295;372
255;Torchic;Fire;45;60;40;70;50;45;200;112;76;130;94;85;294;240;196;262;218;207
256;Combusken;Fire Fighting;60;85;60;85;60;55;230;157;112;157;112;103;324;295;240;295;240;229
257;Blaziken;Fire Fighting;80;120;70;110;70;80;270;220;130;202;130;148;364;372;262;350;262;284
258;Mudkip;Water;50;70;50;50;50;40;210;130;94;94;94;76;304;262;218;218;218;196
259;Marshtomp;Water Ground;70;85;70;60;70;50;250;157;130;112;130;94;344;295;262;240;262;218
260;Swampert;Water Ground;100;110;90;85;90;60;310;202;166;157;166;112;404;350;306;295;306;240
261;Poochyena;Dark;35;55;35;30;30;35;180;103;67;58;58;67;274;229;185;174;174;185
262;Mightyena;Dark;70;90;70;60;60;70;250;166;130;112;112;130;344;306;262;240;240;262
263;Zigzagoon;Normal;38;30;41;30;41;60;186;58;78;58;78;112;280;174;199;174;199;240
264;Linoone;Normal;78;70;61;50;61;100;266;130;114;94;114;184;360;262;243;218;243;328
265;Wurmple;Bug;45;45;35;20;30;20;200;85;67;40;58;40;294;207;185;152;174;152
266;Silcoon;Bug;50;35;55;25;25;15;210;67;103;49;49;31;304;185;229;163;163;141
267;Beautifly;Bug Flying;60;70;50;100;50;65;230;130;94;184;94;121;324;262;218;328;218;251
268;Cascoon;Bug;50;35;55;25;25;15;210;67;103;49;49;31;304;185;229;163;163;141
269;Dustox;Bug Poison;60;50;70;50;90;65;230;94;130;94;166;121;324;218;262;218;306;251
270;Lotad;Water Grass;40;30;30;40;50;30;190;58;58;76;94;58;284;174;174;196;218;174
271;Lombre;Water Grass;60;50;50;60;70;50;230;94;94;112;130;94;324;218;218;240;262;218
272;Ludicolo;Water Grass;80;70;70;90;100;70;270;130;130;166;184;130;364;262;262;306;328;262
273;Seedot;Grass;40;40;50;30;30;30;190;76;94;58;58;58;284;196;218;174;174;174
274;Nuzleaf;Grass Dark;70;70;40;60;40;60;250;130;76;112;76;112;344;262;196;240;196;240
275;Shiftry;Grass Dark;90;100;60;90;60;80;290;184;112;166;112;148;384;328;240;306;240;284
276;Taillow;Normal Flying;40;55;30;30;30;85;190;103;58;58;58;157;284;229;174;174;174;295
277;Swellow;Normal Flying;60;85;60;75;50;125;230;157;112;139;94;229;324;295;240;273;218;383
278;Wingull;Water Flying;40;30;30;55;30;85;190;58;58;103;58;157;284;174;174;229;174;295
279;Pelipper;Water Flying;60;50;100;95;70;65;230;94;184;175;130;121;324;218;328;317;262;251
280;Ralts;Psychic Fairy;28;25;25;45;35;40;166;49;49;85;67;76;260;163;163;207;185;196
281;Kirlia;Psychic Fairy;38;35;35;65;55;50;186;67;67;121;103;94;280;185;185;251;229;218
282;Gardevoir;Psychic Fairy;68;65;65;125;115;80;246;121;121;229;211;148;340;251;251;383;361;284
283;Surskit;Bug Water;40;30;32;50;52;65;190;58;62;94;98;121;284;174;179;218;223;251
284;Masquerain;Bug Flying;70;60;62;100;82;80;250;112;116;184;152;148;344;240;245;328;289;284
285;Shroomish;Grass;60;40;60;40;60;35;230;76;112;76;112;67;324;196;240;196;240;185
286;Breloom;Grass Fighting;60;130;80;60;60;70;230;238;148;112;112;130;324;394;284;240;240;262
287;Slakoth;Normal;60;60;60;35;35;30;230;112;112;67;67;58;324;240;240;185;185;174
288;Vigoroth;Normal;80;80;80;55;55;90;270;148;148;103;103;166;364;284;284;229;229;306
289;Slaking;Normal;150;160;100;95;65;100;410;292;184;175;121;184;504;460;328;317;251;328
290;Nincada;Bug Ground;31;45;90;30;30;40;172;85;166;58;58;76;266;207;306;174;174;196
291;Ninjask;Bug Flying;61;90;45;50;50;160;232;166;85;94;94;292;326;306;207;218;218;460
292;Shedinja;Bug Ghost;1;90;45;30;30;40;1;166;85;58;58;76;1;306;207;174;174;196
293;Whismur;Normal;64;51;23;51;23;28;238;96;45;96;45;54;332;221;159;221;159;170
294;Loudred;Normal;84;71;43;71;43;48;278;132;81;132;81;90;372;265;203;265;203;214
295;Exploud;Normal;104;91;63;91;73;68;318;168;117;168;135;126;412;309;247;309;269;258
296;Makuhita;Fighting;72;60;30;20;30;25;254;112;58;40;58;49;348;240;174;152;174;163
297;Hariyama;Fighting;144;120;60;40;60;50;398;220;112;76;112;94;492;372;240;196;240;218
298;Azurill;Normal Fairy;50;20;40;20;40;20;210;40;76;40;76;40;304;152;196;152;196;152
299;Nosepass;Rock;30;45;135;45;90;30;170;85;247;85;166;58;264;207;405;207;306;174
300;Skitty;Normal;50;45;45;35;35;50;210;85;85;67;67;94;304;207;207;185;185;218
301;Delcatty;Normal;70;65;65;55;55;90;250;121;121;103;103;166;344;251;251;229;229;306
302;Sableye;Dark Ghost;50;75;75;65;65;50;210;139;139;121;121;94;304;273;273;251;251;218
303;Mawile;Steel Fairy;50;85;85;55;55;50;210;157;157;103;103;94;304;295;295;229;229;218
304;Aron;Steel Rock;50;70;100;40;40;30;210;130;184;76;76;58;304;262;328;196;196;174
305;Lairon;Steel Rock;60;90;140;50;50;40;230;166;256;94;94;76;324;306;416;218;218;196
306;Aggron;Steel Rock;70;110;180;60;60;50;250;202;328;112;112;94;344;350;504;240;240;218
307;Meditite;Fighting Psychic;30;40;55;40;55;60;170;76;103;76;103;112;264;196;229;196;229;240
308;Medicham;Fighting Psychic;60;60;75;60;75;80;230;112;139;112;139;148;324;240;273;240;273;284
309;Electrike;Electric;40;45;40;65;40;65;190;85;76;121;76;121;284;207;196;251;196;251
310;Manectric;Electric;70;75;60;105;60;105;250;139;112;193;112;193;344;273;240;339;240;339
311;Plusle;Electric;60;50;40;85;75;95;230;94;76;157;139;175;324;218;196;295;273;317
312;Minun;Electric;60;40;50;75;85;95;230;76;94;139;157;175;324;196;218;273;295;317
313;Volbeat;Bug;65;73;75;47;85;85;240;135;139;89;157;157;334;269;273;212;295;295
314;Illumise;Bug;65;47;75;73;85;85;240;89;139;135;157;157;334;212;273;269;295;295
315;Roselia;Grass Poison;50;60;45;100;80;65;210;112;85;184;148;121;304;240;207;328;284;251
316;Gulpin;Poison;70;43;53;43;53;40;250;81;99;81;99;76;344;203;225;203;225;196
317;Swalot;Poison;100;73;83;73;83;55;310;135;153;135;153;103;404;269;291;269;291;229
318;Carvanha;Water Dark;45;90;20;65;20;65;200;166;40;121;40;121;294;306;152;251;152;251
319;Sharpedo;Water Dark;70;120;40;95;40;95;250;220;76;175;76;175;344;372;196;317;196;317
320;Wailmer;Water;130;70;35;70;35;60;370;130;67;130;67;112;464;262;185;262;185;240
321;Wailord;Water;170;90;45;90;45;60;450;166;85;166;85;112;544;306;207;306;207;240
322;Numel;Fire Ground;60;60;40;65;45;35;230;112;76;121;85;67;324;240;196;251;207;185
323;Camerupt;Fire Ground;70;100;70;105;75;40;250;184;130;193;139;76;344;328;262;339;273;196
324;Torkoal;Fire;70;85;140;85;70;20;250;157;256;157;130;40;344;295;416;295;262;152
325;Spoink;Psychic;60;25;35;70;80;60;230;49;67;130;148;112;324;163;185;262;284;240
326;Grumpig;Psychic;80;45;65;90;110;80;270;85;121;166;202;148;364;207;251;306;350;284
327;Spinda;Normal;60;60;60;60;60;60;230;112;112;112;112;112;324;240;240;240;240;240
328;Trapinch;Ground;45;100;45;45;45;10;200;184;85;85;85;22;294;328;207;207;207;130
329;Vibrava;Ground Dragon;50;70;50;50;50;70;210;130;94;94;94;130;304;262;218;218;218;262
330;Flygon;Ground Dragon;80;100;80;80;80;100;270;184;148;148;148;184;364;328;284;284;284;328
331;Cacnea;Grass;50;85;40;85;40;35;210;157;76;157;76;67;304;295;196;295;196;185
332;Cacturne;Grass Dark;70;115;60;115;60;55;250;211;112;211;112;103;344;361;240;361;240;229
333;Swablu;Normal Flying;45;40;60;40;75;50;200;76;112;76;139;94;294;196;240;196;273;218
334;Altaria;Dragon Flying;75;70;90;70;105;80;260;130;166;130;193;148;354;262;306;262;339;284
335;Zangoose;Normal;73;115;60;60;60;90;256;211;112;112;112;166;350;361;240;240;240;306
336;Seviper;Poison;73;100;60;100;60;65;256;184;112;184;112;121;350;328;240;328;240;251
337;Lunatone;Rock Psychic;90;55;65;95;85;70;290;103;121;175;157;130;384;229;251;317;295;262
338;Solrock;Rock Psychic;90;95;85;55;65;70;290;175;157;103;121;130;384;317;295;229;251;262
339;Barboach;Water Ground;50;48;43;46;41;60;210;90;81;87;78;112;304;214;203;210;199;240
340;Whiscash;Water Ground;110;78;73;76;71;60;330;144;135;141;132;112;424;280;269;276;265;240
341;Corphish;Water;43;80;65;50;35;35;196;148;121;94;67;67;290;284;251;218;185;185
342;Crawdaunt;Water Dark;63;120;85;90;55;55;236;220;157;166;103;103;330;372;295;306;229;229
343;Baltoy;Ground Psychic;40;40;55;40;70;55;190;76;103;76;130;103;284;196;229;196;262;229
344;Claydol;Ground Psychic;60;70;105;70;120;75;230;130;193;130;220;139;324;262;339;262;372;273
345;Lileep;Rock Grass;66;41;77;61;87;23;242;78;143;114;161;45;336;199;278;243;300;159
346;Cradily;Rock Grass;86;81;97;81;107;43;282;150;179;150;197;81;376;287;322;287;344;203
347;Anorith;Rock Bug;45;95;50;40;50;75;200;175;94;76;94;139;294;317;218;196;218;273
348;Armaldo;Rock Bug;75;125;100;70;80;45;260;229;184;130;148;85;354;383;328;262;284;207
349;Feebas;Water;20;15;20;10;55;80;150;31;40;22;103;148;244;141;152;130;229;284
350;Milotic;Water;95;60;79;100;125;81;300;112;146;184;229;150;394;240;282;328;383;287
351;Castform;Normal;70;70;70;70;70;70;250;130;130;130;130;130;344;262;262;262;262;262
352;Kecleon;Normal;60;90;70;60;120;40;230;166;130;112;220;76;324;306;262;240;372;196
353;Shuppet;Ghost;44;75;35;63;33;45;198;139;67;117;63;85;292;273;185;247;181;207
354;Banette;Ghost;64;115;65;83;63;65;238;211;121;153;117;121;332;361;251;291;247;251
355;Duskull;Ghost;20;40;90;30;90;25;150;76;166;58;166;49;244;196;306;174;306;163
356;Dusclops;Ghost;40;70;130;60;130;25;190;130;238;112;238;49;284;262;394;240;394;163
357;Tropius;Grass Flying;99;68;83;72;87;51;308;126;153;134;161;96;402;258;291;267;300;221
358;Chimecho;Psychic;75;50;80;95;90;65;260;94;148;175;166;121;354;218;284;317;306;251
359;Absol;Dark;65;130;60;75;60;75;240;238;112;139;112;139;334;394;240;273;240;273
360;Wynaut;Psychic;95;23;48;23;48;23;300;45;90;45;90;45;394;159;214;159;214;159
361;Snorunt;Ice;50;50;50;50;50;50;210;94;94;94;94;94;304;218;218;218;218;218
362;Glalie;Ice;80;80;80;80;80;80;270;148;148;148;148;148;364;284;284;284;284;284
363;Spheal;Ice Water;70;40;50;55;50;25;250;76;94;103;94;49;344;196;218;229;218;163
364;Sealeo;Ice Water;90;60;70;75;70;45;290;112;130;139;130;85;384;240;262;273;262;207
365;Walrein;Ice Water;110;80;90;95;90;65;330;148;166;175;166;121;424;284;306;317;306;251
366;Clamperl;Water;35;64;85;74;55;32;180;119;157;137;103;62;274;249;295;271;229;179
367;Huntail;Water;55;104;105;94;75;52;220;191;193;173;139;98;314;337;339;315;273;223
368;Gorebyss;Water;55;84;105;114;75;52;220;155;193;209;139;98;314;293;339;359;273;223
369;Relicanth;Water Rock;100;90;130;45;65;55;310;166;238;85;121;103;404;306;394;207;251;229
370;Luvdisc;Water;43;30;55;40;65;97;196;58;103;76;121;179;290;174;229;196;251;322
371;Bagon;Dragon;45;75;60;40;30;50;200;139;112;76;58;94;294;273;240;196;174;218
372;Shelgon;Dragon;65;95;100;60;50;50;240;175;184;112;94;94;334;317;328;240;218;218
373;Salamence;Dragon Flying;95;135;80;110;80;100;300;247;148;202;148;184;394;405;284;350;284;328
374;Beldum;Steel Psychic;40;55;80;35;60;30;190;103;148;67;112;58;284;229;284;185;240;174
375;Metang;Steel Psychic;60;75;100;55;80;50;230;139;184;103;148;94;324;273;328;229;284;218
376;Metagross;Steel Psychic;80;135;130;95;90;70;270;247;238;175;166;130;364;405;394;317;306;262
377;Regirock;Rock;80;100;200;50;100;50;270;184;364;94;184;94;364;328;548;218;328;218
378;Regice;Ice;80;50;100;100;200;50;270;94;184;184;364;94;364;218;328;328;548;218
379;Registeel;Steel;80;75;150;75;150;50;270;139;274;139;274;94;364;273;438;273;438;218
380;Latias;Dragon Psychic;80;80;90;110;130;110;270;148;166;202;238;202;364;284;306;350;394;350
381;Latios;Dragon Psychic;80;90;80;130;110;110;270;166;148;238;202;202;364;306;284;394;350;350
382;Kyogre;Water;100;100;90;150;140;90;310;184;166;274;256;166;404;328;306;438;416;306
383;Groudon;Ground;100;150;140;100;90;90;310;274;256;184;166;166;404;438;416;328;306;306
384;Rayquaza;Dragon Flying;105;150;90;150;90;95;320;274;166;274;166;175;414;438;306;438;306;317
385;Jirachi;Steel Psychic;100;100;100;100;100;100;310;184;184;184;184;184;404;328;328;328;328;328
386;Deoxys;Psychic;50;150;50;150;50;150;210;274;94;274;94;274;304;438;218;438;218;438
387;Turtwig;Grass;55;68;64;45;55;31;220;126;119;85;103;60;314;258;249;207;229;177
388;Grotle;Grass;75;89;85;55;65;36;260;164;157;103;121;69;354;304;295;229;251;188
389;Torterra;Grass Ground;95;109;105;75;85;56;300;200;193;139;157;105;394;348;339;273;295;232
390;Chimchar;Fire;44;58;44;58;44;61;198;108;83;108;83;114;292;236;205;236;205;243
391;Monferno;Fire Fighting;64;78;52;78;52;81;238;144;98;144;98;150;332;280;223;280;223;287
392;Infernape;Fire Fighting;76;104;71;104;71;108;262;191;132;191;132;198;356;337;265;337;265;346
393;Piplup;Water;53;51;53;61;56;40;216;96;99;114;105;76;310;221;225;243;232;196
394;Prinplup;Water;64;66;68;81;76;50;238;123;126;150;141;94;332;254;258;287;276;218
395;Empoleon;Water Steel;84;86;88;111;101;60;278;159;162;204;186;112;372;298;302;353;331;240
396;Starly;Normal Flying;40;55;30;30;30;60;190;103;58;58;58;112;284;229;174;174;174;240
397;Staravia;Normal Flying;55;75;50;40;40;80;220;139;94;76;76;148;314;273;218;196;196;284
398;Staraptor;Normal Flying;85;120;70;50;60;100;280;220;130;94;112;184;374;372;262;218;240;328
399;Bidoof;Normal;59;45;40;35;40;31;228;85;76;67;76;60;322;207;196;185;196;177
400;Bibarel;Normal Water;79;85;60;55;60;71;268;157;112;103;112;132;362;295;240;229;240;265
401;Kricketot;Bug;37;25;41;25;41;25;184;49;78;49;78;49;278;163;199;163;199;163
402;Kricketune;Bug;77;85;51;55;51;65;264;157;96;103;96;121;358;295;221;229;221;251
403;Shinx;Electric;45;65;34;40;34;45;200;121;65;76;65;85;294;251;183;196;183;207
404;Luxio;Electric;60;85;49;60;49;60;230;157;92;112;92;112;324;295;216;240;216;240
405;Luxray;Electric;80;120;79;95;79;70;270;220;146;175;146;130;364;372;282;317;282;262
406;Budew;Grass Poison;40;30;35;50;70;55;190;58;67;94;130;103;284;174;185;218;262;229
407;Roserade;Grass Poison;60;70;65;125;105;90;230;130;121;229;193;166;324;262;251;383;339;306
408;Cranidos;Rock;67;125;40;30;30;58;244;229;76;58;58;108;338;383;196;174;174;236
409;Rampardos;Rock;97;165;60;65;50;58;304;301;112;121;94;108;398;471;240;251;218;236
410;Shieldon;Rock Steel;30;42;118;42;88;30;170;80;216;80;162;58;264;201;368;201;302;174
411;Bastiodon;Rock Steel;60;52;168;47;138;30;230;98;306;89;252;58;324;223;478;212;412;174
412;Burmy;Bug;40;29;45;29;45;36;190;56;85;56;85;69;284;172;207;172;207;188
413;Wormadam;Bug Grass;60;59;85;79;105;36;230;110;157;146;193;69;324;238;295;282;339;188
414;Mothim;Bug Flying;70;94;50;94;50;66;250;173;94;173;94;123;344;315;218;315;218;254
415;Combee;Bug Flying;30;30;42;30;42;70;170;58;80;58;80;130;264;174;201;174;201;262
416;Vespiquen;Bug Flying;70;80;102;80;102;40;250;148;188;148;188;76;344;284;333;284;333;196
417;Pachirisu;Electric;60;45;70;45;90;95;230;85;130;85;166;175;324;207;262;207;306;317
418;Buizel;Water;55;65;35;60;30;85;220;121;67;112;58;157;314;251;185;240;174;295
419;Floatzel;Water;85;105;55;85;50;115;280;193;103;157;94;211;374;339;229;295;218;361
420;Cherubi;Grass;45;35;45;62;53;35;200;67;85;116;99;67;294;185;207;245;225;185
421;Cherrim;Grass;70;60;70;87;78;85;250;112;130;161;144;157;344;240;262;300;280;295
422;Shellos;Water;76;48;48;57;62;34;262;90;90;107;116;65;356;214;214;234;245;183
423;Gastrodon;Water Ground;111;83;68;92;82;39;332;153;126;170;152;74;426;291;258;311;289;194
424;Ambipom;Normal;75;100;66;60;66;115;260;184;123;112;123;211;354;328;254;240;254;361
425;Drifloon;Ghost Flying;90;50;34;60;44;70;290;94;65;112;83;130;384;218;183;240;205;262
426;Drifblim;Ghost Flying;150;80;44;90;54;80;410;148;83;166;101;148;504;284;205;306;227;284
427;Buneary;Normal;55;66;44;44;56;85;220;123;83;83;105;157;314;254;205;205;232;295
428;Lopunny;Normal;65;76;84;54;96;105;240;141;155;101;177;193;334;276;293;227;320;339
429;Mismagius;Ghost;60;60;60;105;105;105;230;112;112;193;193;193;324;240;240;339;339;339
430;Honchkrow;Dark Flying;100;125;52;105;52;71;310;229;98;193;98;132;404;383;223;339;223;265
431;Glameow;Normal;49;55;42;42;37;85;208;103;80;80;71;157;302;229;201;201;190;295
432;Purugly;Normal;71;82;64;64;59;112;252;152;119;119;110;206;346;289;249;249;238;355
433;Chingling;Psychic;45;30;50;65;50;45;200;58;94;121;94;85;294;174;218;251;218;207
434;Stunky;Poison Dark;63;63;47;41;41;74;236;117;89;78;78;137;330;247;212;199;199;271
435;Skuntank;Poison Dark;103;93;67;71;61;84;316;171;125;132;114;155;410;313;256;265;243;293
436;Bronzor;Steel Psychic;57;24;86;24;86;23;224;47;159;47;159;45;318;161;298;161;298;159
437;Bronzong;Steel Psychic;67;89;116;79;116;33;244;164;213;146;213;63;338;304;364;282;364;181
438;Bonsly;Rock;50;80;95;10;45;10;210;148;175;22;85;22;304;284;317;130;207;130
439;Mime Jr.;Psychic Fairy;20;25;45;70;90;60;150;49;85;130;166;112;244;163;207;262;306;240
440;Happiny;Normal;100;5;5;15;65;30;310;13;13;31;121;58;404;119;119;141;251;174
441;Chatot;Normal Flying;76;65;45;92;42;91;262;121;85;170;80;168;356;251;207;311;201;309
442;Spiritomb;Ghost Dark;50;92;108;92;108;35;210;170;198;170;198;67;304;311;346;311;346;185
443;Gible;Dragon Ground;58;70;45;40;45;42;226;130;85;76;85;80;320;262;207;196;207;201
444;Gabite;Dragon Ground;68;90;65;50;55;82;246;166;121;94;103;152;340;306;251;218;229;289
445;Garchomp;Dragon Ground;108;130;95;80;85;102;326;238;175;148;157;188;420;394;317;284;295;333
446;Munchlax;Normal;135;85;40;40;85;5;380;157;76;76;157;13;474;295;196;196;295;119
447;Riolu;Fighting;40;70;40;35;40;60;190;130;76;67;76;112;284;262;196;185;196;240
448;Lucario;Fighting Steel;70;110;70;115;70;90;250;202;130;211;130;166;344;350;262;361;262;306
449;Hippopotas;Ground;68;72;78;38;42;32;246;134;144;72;80;62;340;267;280;192;201;179
450;Hippowdon;Ground;108;112;118;68;72;47;326;206;216;126;134;89;420;355;368;258;267;212
451;Skorupi;Poison Bug;40;50;90;30;55;65;190;94;166;58;103;121;284;218;306;174;229;251
452;Drapion;Poison Dark;70;90;110;60;75;95;250;166;202;112;139;175;344;306;350;240;273;317
453;Croagunk;Poison Fighting;48;61;40;61;40;50;206;114;76;114;76;94;300;243;196;243;196;218
454;Toxicroak;Poison Fighting;83;106;65;86;65;85;276;195;121;159;121;157;370;342;251;298;251;295
455;Carnivine;Grass;74;100;72;90;72;46;258;184;134;166;134;87;352;328;267;306;267;210
456;Finneon;Water;49;49;56;49;61;66;208;92;105;92;114;123;302;216;232;216;243;254
457;Lumineon;Water;69;69;76;69;86;91;248;128;141;128;159;168;342;260;276;260;298;309
458;Mantyke;Water Flying;45;20;50;60;120;50;200;40;94;112;220;94;294;152;218;240;372;218
459;Snover;Grass Ice;60;62;50;62;60;40;230;116;94;116;112;76;324;245;218;245;240;196
460;Abomasnow;Grass Ice;90;92;75;92;85;60;290;170;139;170;157;112;384;311;273;311;295;240
461;Weavile;Dark Ice;70;120;65;45;85;125;250;220;121;85;157;229;344;372;251;207;295;383
462;Magnezone;Electric Steel;70;70;115;130;90;60;250;130;211;238;166;112;344;262;361;394;306;240
463;Lickilicky;Normal;110;85;95;80;95;50;330;157;175;148;175;94;424;295;317;284;317;218
464;Rhyperior;Ground Rock;115;140;130;55;55;40;340;256;238;103;103;76;434;416;394;229;229;196
465;Tangrowth;Grass;100;100;125;110;50;50;310;184;229;202;94;94;404;328;383;350;218;218
466;Electivire;Electric;75;123;67;95;85;95;260;225;125;175;157;175;354;379;256;317;295;317
467;Magmortar;Fire;75;95;67;125;95;83;260;175;125;229;175;153;354;317;256;383;317;291
468;Togekiss;Fairy Flying;85;50;95;120;115;80;280;94;175;220;211;148;374;218;317;372;361;284
469;Yanmega;Bug Flying;86;76;86;116;56;95;282;141;159;213;105;175;376;276;298;364;232;317
470;Leafeon;Grass;65;110;130;60;65;95;240;202;238;112;121;175;334;350;394;240;251;317
471;Glaceon;Ice;65;60;110;130;95;65;240;112;202;238;175;121;334;240;350;394;317;251
472;Gliscor;Ground Flying;75;95;125;45;75;95;260;175;229;85;139;175;354;317;383;207;273;317
473;Mamoswine;Ice Ground;110;130;80;70;60;80;330;238;148;130;112;148;424;394;284;262;240;284
474;Porygon-Z;Normal;85;80;70;135;75;90;280;148;130;247;139;166;374;284;262;405;273;306
475;Gallade;Psychic Fighting;68;125;65;65;115;80;246;229;121;121;211;148;340;383;251;251;361;284
476;Probopass;Rock Steel;60;55;145;75;150;40;230;103;265;139;274;76;324;229;427;273;438;196
477;Dusknoir;Ghost;45;100;135;65;135;45;200;184;247;121;247;85;294;328;405;251;405;207
478;Froslass;Ice Ghost;70;80;70;80;70;110;250;148;130;148;130;202;344;284;262;284;262;350
479;Rotom;Electric Ghost;50;50;77;95;77;91;210;94;143;175;143;168;304;218;278;317;278;309
480;Uxie;Psychic;75;75;130;75;130;95;260;139;238;139;238;175;354;273;394;273;394;317
481;Mesprit;Psychic;80;105;105;105;105;80;270;193;193;193;193;148;364;339;339;339;339;284
482;Azelf;Psychic;75;125;70;125;70;115;260;229;130;229;130;211;354;383;262;383;262;361
483;Dialga;Steel Dragon;100;120;120;150;100;90;310;220;220;274;184;166;404;372;372;438;328;306
484;Palkia;Water Dragon;90;120;100;150;120;100;290;220;184;274;220;184;384;372;328;438;372;328
485;Heatran;Fire Steel;91;90;106;130;106;77;292;166;195;238;195;143;386;306;342;394;342;278
486;Regigigas;Normal;110;160;110;80;110;100;330;292;202;148;202;184;424;460;350;284;350;328
487;Giratina;Ghost Dragon;150;100;120;100;120;90;410;184;220;184;220;166;504;328;372;328;372;306
488;Cresselia;Psychic;120;70;120;75;130;85;350;130;220;139;238;157;444;262;372;273;394;295
489;Phione;Water;80;80;80;80;80;80;270;148;148;148;148;148;364;284;284;284;284;284
490;Manaphy;Water;100;100;100;100;100;100;310;184;184;184;184;184;404;328;328;328;328;328
491;Darkrai;Dark;70;90;90;135;90;125;250;166;166;247;166;229;344;306;306;405;306;383
492;Shaymin;Grass;100;100;100;100;100;100;310;184;184;184;184;184;404;328;328;328;328;328
493;Arceus;Normal;120;120;120;120;120;120;350;220;220;220;220;220;444;372;372;372;372;372
494;Victini;Psychic Fire;100;100;100;100;100;100;310;184;184;184;184;184;404;328;328;328;328;328
495;Snivy;Grass;45;45;55;45;55;63;200;85;103;85;103;117;294;207;229;207;229;247
496;Servine;Grass;60;60;75;60;75;83;230;112;139;112;139;153;324;240;273;240;273;291
497;Serperior;Grass;75;75;95;75;95;113;260;139;175;139;175;207;354;273;317;273;317;357
498;Tepig;Fire;65;63;45;45;45;45;240;117;85;85;85;85;334;247;207;207;207;207
499;Pignite;Fire Fighting;90;93;55;70;55;55;290;171;103;130;103;103;384;313;229;262;229;229
500;Emboar;Fire Fighting;110;123;65;100;65;65;330;225;121;184;121;121;424;379;251;328;251;251
501;Oshawott;Water;55;55;45;63;45;45;220;103;85;117;85;85;314;229;207;247;207;207
502;Dewott;Water;75;75;60;83;60;60;260;139;112;153;112;112;354;273;240;291;240;240
503;Samurott;Water;95;100;85;108;70;70;300;184;157;198;130;130;394;328;295;346;262;262
504;Patrat;Normal;45;55;39;35;39;42;200;103;74;67;74;80;294;229;194;185;194;201
505;Watchog;Normal;60;85;69;60;69;77;230;157;128;112;128;143;324;295;260;240;260;278
506;Lillipup;Normal;45;60;45;25;45;55;200;112;85;49;85;103;294;240;207;163;207;229
507;Herdier;Normal;65;80;65;35;65;60;240;148;121;67;121;112;334;284;251;185;251;240
508;Stoutland;Normal;85;110;90;45;90;80;280;202;166;85;166;148;374;350;306;207;306;284
509;Purrloin;Dark;41;50;37;50;37;66;192;94;71;94;71;123;286;218;190;218;190;254
510;Liepard;Dark;64;88;50;88;50;106;238;162;94;162;94;195;332;302;218;302;218;342
511;Pansage;Grass;50;53;48;53;48;64;210;99;90;99;90;119;304;225;214;225;214;249
512;Simisage;Grass;75;98;63;98;63;101;260;180;117;180;117;186;354;324;247;324;247;331
513;Pansear;Fire;50;53;48;53;48;64;210;99;90;99;90;119;304;225;214;225;214;249
514;Simisear;Fire;75;98;63;98;63;101;260;180;117;180;117;186;354;324;247;324;247;331
515;Panpour;Water;50;53;48;53;48;64;210;99;90;99;90;119;304;225;214;225;214;249
516;Simipour;Water;75;98;63;98;63;101;260;180;117;180;117;186;354;324;247;324;247;331
517;Munna;Psychic;76;25;45;67;55;24;262;49;85;125;103;47;356;163;207;256;229;161
518;Musharna;Psychic;116;55;85;107;95;29;342;103;157;197;175;56;436;229;295;344;317;172
519;Pidove;Normal Flying;50;55;50;36;30;43;210;103;94;69;58;81;304;229;218;188;174;203
520;Tranquill;Normal Flying;62;77;62;50;42;65;234;143;116;94;80;121;328;278;245;218;201;251
521;Unfezant;Normal Flying;80;115;80;65;55;93;270;211;148;121;103;171;364;361;284;251;229;313
522;Blitzle;Electric;45;60;32;50;32;76;200;112;62;94;62;141;294;240;179;218;179;276
523;Zebstrika;Electric;75;100;63;80;63;116;260;184;117;148;117;213;354;328;247;284;247;364
524;Roggenrola;Rock;55;75;85;25;25;15;220;139;157;49;49;31;314;273;295;163;163;141
525;Boldore;Rock;70;105;105;50;40;20;250;193;193;94;76;40;344;339;339;218;196;152
526;Gigalith;Rock;85;135;130;60;80;25;280;247;238;112;148;49;374;405;394;240;284;163
527;Woobat;Psychic Flying;65;45;43;55;43;72;240;85;81;103;81;134;334;207;203;229;203;267
528;Swoobat;Psychic Flying;67;57;55;77;55;114;244;107;103;143;103;209;338;234;229;278;229;359
529;Drilbur;Ground;60;85;40;30;45;68;230;157;76;58;85;126;324;295;196;174;207;258
530;Excadrill;Ground Steel;110;135;60;50;65;88;330;247;112;94;121;162;424;405;240;218;251;302
531;Audino;Normal;103;60;86;60;86;50;316;112;159;112;159;94;410;240;298;240;298;218
532;Timburr;Fighting;75;80;55;25;35;35;260;148;103;49;67;67;354;284;229;163;185;185
533;Gurdurr;Fighting;85;105;85;40;50;40;280;193;157;76;94;76;374;339;295;196;218;196
534;Conkeldurr;Fighting;105;140;95;55;65;45;320;256;175;103;121;85;414;416;317;229;251;207
535;Tympole;Water;50;50;40;50;40;64;210;94;76;94;76;119;304;218;196;218;196;249
536;Palpitoad;Water Ground;75;65;55;65;55;69;260;121;103;121;103;128;354;251;229;251;229;260
537;Seismitoad;Water Ground;105;95;75;85;75;74;320;175;139;157;139;137;414;317;273;295;273;271
538;Throh;Fighting;120;100;85;30;85;45;350;184;157;58;157;85;444;328;295;174;295;207
539;Sawk;Fighting;75;125;75;30;75;85;260;229;139;58;139;157;354;383;273;174;273;295
540;Sewaddle;Bug Grass;45;53;70;40;60;42;200;99;130;76;112;80;294;225;262;196;240;201
541;Swadloon;Bug Grass;55;63;90;50;80;42;220;117;166;94;148;80;314;247;306;218;284;201
542;Leavanny;Bug Grass;75;103;80;70;80;92;260;189;148;130;148;170;354;335;284;262;284;311
543;Venipede;Bug Poison;30;45;59;30;39;57;170;85;110;58;74;107;264;207;238;174;194;234
544;Whirlipede;Bug Poison;40;55;99;40;79;47;190;103;182;76;146;89;284;229;326;196;282;212
545;Scolipede;Bug Poison;60;100;89;55;69;112;230;184;164;103;128;206;324;328;304;229;260;355
546;Cottonee;Grass Fairy;40;27;60;37;50;66;190;53;112;71;94;123;284;168;240;190;218;254
547;Whimsicott;Grass Fairy;60;67;85;77;75;116;230;125;157;143;139;213;324;256;295;278;273;364
548;Petilil;Grass;45;35;50;70;50;30;200;67;94;130;94;58;294;185;218;262;218;174
549;Lilligant;Grass;70;60;75;110;75;90;250;112;139;202;139;166;344;240;273;350;273;306
550;Basculin;Water;70;92;65;80;55;98;250;170;121;148;103;180;344;311;251;284;229;324
551;Sandile;Ground Dark;50;72;35;35;35;65;210;134;67;67;67;121;304;267;185;185;185;251
552;Krokorok;Ground Dark;60;82;45;45;45;74;230;152;85;85;85;137;324;289;207;207;207;271
553;Krookodile;Ground Dark;95;117;80;65;70;92;300;215;148;121;130;170;394;366;284;251;262;311
554;Darumaka;Fire;70;90;45;15;45;50;250;166;85;31;85;94;344;306;207;141;207;218
555;Darmanitan;Fire;105;140;55;30;55;95;320;256;103;58;103;175;414;416;229;174;229;317
556;Maractus;Grass;75;86;67;106;67;60;260;159;125;195;125;112;354;298;256;342;256;240
557;Dwebble;Bug Rock;50;65;85;35;35;55;210;121;157;67;67;103;304;251;295;185;185;229
558;Crustle;Bug Rock;70;105;125;65;75;45;250;193;229;121;139;85;344;339;383;251;273;207
559;Scraggy;Dark Fighting;50;75;70;35;70;48;210;139;130;67;130;90;304;273;262;185;262;214
560;Scrafty;Dark Fighting;65;90;115;45;115;58;240;166;211;85;211;108;334;306;361;207;361;236
561;Sigilyph;Psychic Flying;72;58;80;103;80;97;254;108;148;189;148;179;348;236;284;335;284;322
562;Yamask;Ghost;38;30;85;55;65;30;186;58;157;103;121;58;280;174;295;229;251;174
563;Cofagrigus;Ghost;58;50;145;95;105;30;226;94;265;175;193;58;320;218;427;317;339;174
564;Tirtouga;Water Rock;54;78;103;53;45;22;218;144;189;99;85;44;312;280;335;225;207;157
565;Carracosta;Water Rock;74;108;133;83;65;32;258;198;243;153;121;62;352;346;401;291;251;179
566;Archen;Rock Flying;55;112;45;74;45;70;220;206;85;137;85;130;314;355;207;271;207;262
567;Archeops;Rock Flying;75;140;65;112;65;110;260;256;121;206;121;202;354;416;251;355;251;350
568;Trubbish;Poison;50;50;62;40;62;65;210;94;116;76;116;121;304;218;245;196;245;251
569;Garbodor;Poison;80;95;82;60;82;75;270;175;152;112;152;139;364;317;289;240;289;273
570;Zorua;Dark;40;65;40;80;40;65;190;121;76;148;76;121;284;251;196;284;196;251
571;Zoroark;Dark;60;105;60;120;60;105;230;193;112;220;112;193;324;339;240;372;240;339
572;Minccino;Normal;55;50;40;40;40;75;220;94;76;76;76;139;314;218;196;196;196;273
573;Cinccino;Normal;75;95;60;65;60;115;260;175;112;121;112;211;354;317;240;251;240;361
574;Gothita;Psychic;45;30;50;55;65;45;200;58;94;103;121;85;294;174;218;229;251;207
575;Gothorita;Psychic;60;45;70;75;85;55;230;85;130;139;157;103;324;207;262;273;295;229
576;Gothitelle;Psychic;70;55;95;95;110;65;250;103;175;175;202;121;344;229;317;317;350;251
577;Solosis;Psychic;45;30;40;105;50;20;200;58;76;193;94;40;294;174;196;339;218;152
578;Duosion;Psychic;65;40;50;125;60;30;240;76;94;229;112;58;334;196;218;383;240;174
579;Reuniclus;Psychic;110;65;75;125;85;30;330;121;139;229;157;58;424;251;273;383;295;174
580;Ducklett;Water Flying;62;44;50;44;50;55;234;83;94;83;94;103;328;205;218;205;218;229
581;Swanna;Water Flying;75;87;63;87;63;98;260;161;117;161;117;180;354;300;247;300;247;324
582;Vanillite;Ice;36;50;50;65;60;44;182;94;94;121;112;83;276;218;218;251;240;205
583;Vanillish;Ice;51;65;65;80;75;59;212;121;121;148;139;110;306;251;251;284;273;238
584;Vanilluxe;Ice;71;95;85;110;95;79;252;175;157;202;175;146;346;317;295;350;317;282
585;Deerling;Normal Grass;60;60;50;40;50;75;230;112;94;76;94;139;324;240;218;196;218;273
586;Sawsbuck;Normal Grass;80;100;70;60;70;95;270;184;130;112;130;175;364;328;262;240;262;317
587;Emolga;Electric Flying;55;75;60;75;60;103;220;139;112;139;112;189;314;273;240;273;240;335
588;Karrablast;Bug;50;75;45;40;45;60;210;139;85;76;85;112;304;273;207;196;207;240
589;Escavalier;Bug Steel;70;135;105;60;105;20;250;247;193;112;193;40;344;405;339;240;339;152
590;Foongus;Grass Poison;69;55;45;55;55;15;248;103;85;103;103;31;342;229;207;229;229;141
591;Amoonguss;Grass Poison;114;85;70;85;80;30;338;157;130;157;148;58;432;295;262;295;284;174
592;Frillish;Water Ghost;55;40;50;65;85;40;220;76;94;121;157;76;314;196;218;251;295;196
593;Jellicent;Water Ghost;100;60;70;85;105;60;310;112;130;157;193;112;404;240;262;295;339;240
594;Alomomola;Water;165;75;80;40;45;65;440;139;148;76;85;121;534;273;284;196;207;251
595;Joltik;Bug Electric;50;47;50;57;50;65;210;89;94;107;94;121;304;212;218;234;218;251
596;Galvantula;Bug Electric;70;77;60;97;60;108;250;143;112;179;112;198;344;278;240;322;240;346
597;Ferroseed;Grass Steel;44;50;91;24;86;10;198;94;168;47;159;22;292;218;309;161;298;130
598;Ferrothorn;Grass Steel;74;94;131;54;116;20;258;173;240;101;213;40;352;315;397;227;364;152
599;Klink;Steel;40;55;70;45;60;30;190;103;130;85;112;58;284;229;262;207;240;174
600;Klang;Steel;60;80;95;70;85;50;230;148;175;130;157;94;324;284;317;262;295;218
601;Klinklang;Steel;60;100;115;70;85;90;230;184;211;130;157;166;324;328;361;262;295;306
602;Tynamo;Electric;35;55;40;45;40;60;180;103;76;85;76;112;274;229;196;207;196;240
603;Eelektrik;Electric;65;85;70;75;70;40;240;157;130;139;130;76;334;295;262;273;262;196
604;Eelektross;Electric;85;115;80;105;80;50;280;211;148;193;148;94;374;361;284;339;284;218
605;Elgyem;Psychic;55;55;55;85;55;30;220;103;103;157;103;58;314;229;229;295;229;174
606;Beheeyem;Psychic;75;75;75;125;95;40;260;139;139;229;175;76;354;273;273;383;317;196
607;Litwick;Ghost Fire;50;30;55;65;55;20;210;58;103;121;103;40;304;174;229;251;229;152
608;Lampent;Ghost Fire;60;40;60;95;60;55;230;76;112;175;112;103;324;196;240;317;240;229
609;Chandelure;Ghost Fire;60;55;90;145;90;80;230;103;166;265;166;148;324;229;306;427;306;284
610;Axew;Dragon;46;87;60;30;40;57;202;161;112;58;76;107;296;300;240;174;196;234
611;Fraxure;Dragon;66;117;70;40;50;67;242;215;130;76;94;125;336;366;262;196;218;256
612;Haxorus;Dragon;76;147;90;60;70;97;262;269;166;112;130;179;356;432;306;240;262;322
613;Cubchoo;Ice;55;70;40;60;40;40;220;130;76;112;76;76;314;262;196;240;196;196
614;Beartic;Ice;95;130;80;70;80;50;300;238;148;130;148;94;394;394;284;262;284;218
615;Cryogonal;Ice;80;50;50;95;135;105;270;94;94;175;247;193;364;218;218;317;405;339
616;Shelmet;Bug;50;40;85;40;65;25;210;76;157;76;121;49;304;196;295;196;251;163
617;Accelgor;Bug;80;70;40;100;60;145;270;130;76;184;112;265;364;262;196;328;240;427
618;Stunfisk;Ground Electric;109;66;84;81;99;32;328;123;155;150;182;62;422;254;293;287;326;179
619;Mienfoo;Fighting;45;85;50;55;50;65;200;157;94;103;94;121;294;295;218;229;218;251
620;Mienshao;Fighting;65;125;60;95;60;105;240;229;112;175;112;193;334;383;240;317;240;339
621;Druddigon;Dragon;77;120;90;60;90;48;264;220;166;112;166;90;358;372;306;240;306;214
622;Golett;Ground Ghost;59;74;50;35;50;35;228;137;94;67;94;67;322;271;218;185;218;185
623;Golurk;Ground Ghost;89;124;80;55;80;55;288;227;148;103;148;103;382;381;284;229;284;229
624;Pawniard;Dark Steel;45;85;70;40;40;60;200;157;130;76;76;112;294;295;262;196;196;240
625;Bisharp;Dark Steel;65;125;100;60;70;70;240;229;184;112;130;130;334;383;328;240;262;262
626;Bouffalant;Normal;95;110;95;40;95;55;300;202;175;76;175;103;394;350;317;196;317;229
627;Rufflet;Normal Flying;70;83;50;37;50;60;250;153;94;71;94;112;344;291;218;190;218;240
628;Braviary;Normal Flying;100;123;75;57;75;80;310;225;139;107;139;148;404;379;273;234;273;284
629;Vullaby;Dark Flying;70;55;75;45;65;60;250;103;139;85;121;112;344;229;273;207;251;240
630;Mandibuzz;Dark Flying;110;65;105;55;95;80;330;121;193;103;175;148;424;251;339;229;317;284
631;Heatmor;Fire;85;97;66;105;66;65;280;179;123;193;123;121;374;322;254;339;254;251
632;Durant;Bug Steel;58;109;112;48;48;109;226;200;206;90;90;200;320;348;355;214;214;348
633;Deino;Dark Dragon;52;65;50;45;50;38;214;121;94;85;94;72;308;251;218;207;218;192
634;Zweilous;Dark Dragon;72;85;70;65;70;58;254;157;130;121;130;108;348;295;262;251;262;236
635;Hydreigon;Dark Dragon;92;105;90;125;90;98;294;193;166;229;166;180;388;339;306;383;306;324
636;Larvesta;Bug Fire;55;85;55;50;55;60;220;157;103;94;103;112;314;295;229;218;229;240
637;Volcarona;Bug Fire;85;60;65;135;105;100;280;112;121;247;193;184;374;240;251;405;339;328
638;Cobalion;Steel Fighting;91;90;129;90;72;108;292;166;236;166;134;198;386;306;392;306;267;346
639;Terrakion;Rock Fighting;91;129;90;72;90;108;292;236;166;134;166;198;386;392;306;267;306;346
640;Virizion;Grass Fighting;91;90;72;90;129;108;292;166;134;166;236;198;386;306;267;306;392;346
641;Tornadus;Flying;79;115;70;125;80;111;268;211;130;229;148;204;362;361;262;383;284;353
642;Thundurus;Electric Flying;79;115;70;125;80;111;268;211;130;229;148;204;362;361;262;383;284;353
643;Reshiram;Dragon Fire;100;120;100;150;120;90;310;220;184;274;220;166;404;372;328;438;372;306
644;Zekrom;Dragon Electric;100;150;120;120;100;90;310;274;220;220;184;166;404;438;372;372;328;306
645;Landorus;Ground Flying;89;125;90;115;80;101;288;229;166;211;148;186;382;383;306;361;284;331
646;Kyurem;Dragon Ice;125;130;90;130;90;95;360;238;166;238;166;175;454;394;306;394;306;317
647;Keldeo;Water Fighting;91;72;90;129;90;108;292;134;166;236;166;198;386;267;306;392;306;346
648;Meloetta;Normal Psychic;100;77;77;128;128;90;310;143;143;234;234;166;404;278;278;390;390;306
649;Genesect;Bug Steel;71;120;95;120;95;99;252;220;175;220;175;182;346;372;317;372;317;326
650;Chespin;Grass;56;61;65;48;45;38;222;114;121;90;85;72;316;243;251;214;207;192
651;Quilladin;Grass;61;78;95;56;58;57;232;144;175;105;108;107;326;280;317;232;236;234
652;Chesnaught;Grass Fighting;88;107;122;74;75;64;286;197;224;137;139;119;380;344;377;271;273;249
653;Fennekin;Fire;40;45;40;62;60;60;190;85;76;116;112;112;284;207;196;245;240;240
654;Braixen;Fire;59;59;58;90;70;73;228;110;108;166;130;135;322;238;236;306;262;269
655;Delphox;Fire Psychic;75;69;72;114;100;104;260;128;134;209;184;191;354;260;267;359;328;337
656;Froakie;Water;41;56;40;62;44;71;192;105;76;116;83;132;286;232;196;245;205;265
657;Frogadier;Water;54;63;52;83;56;97;218;117;98;153;105;179;312;247;223;291;232;322
658;Greninja;Water Dark;72;95;67;103;71;122;254;175;125;189;132;224;348;317;256;335;265;377
659;Bunnelby;Normal;38;36;38;32;36;57;186;69;72;62;69;107;280;188;192;179;188;234
660;Diggersby;Normal Ground;85;56;77;50;77;78;280;105;143;94;143;144;374;232;278;218;278;280
661;Fletchling;Normal Flying;45;50;43;40;38;62;200;94;81;76;72;116;294;218;203;196;192;245
662;Fletchinder;Fire Flying;62;73;55;56;52;84;234;135;103;105;98;155;328;269;229;232;223;293
663;Talonflame;Fire Flying;78;81;71;74;69;126;266;150;132;137;128;231;360;287;265;271;260;386
664;Scatterbug;Bug;38;35;40;27;25;35;186;67;76;53;49;67;280;185;196;168;163;185
665;Spewpa;Bug;45;22;60;27;30;29;200;44;112;53;58;56;294;157;240;168;174;172
666;Vivillon;Bug Flying;80;52;50;90;50;89;270;98;94;166;94;164;364;223;218;306;218;304
667;Litleo;Fire Normal;62;50;58;73;54;72;234;94;108;135;101;134;328;218;236;269;227;267
668;Pyroar;Fire Normal;86;68;72;109;66;106;282;126;134;200;123;195;376;258;267;348;254;342
669;Flabb;Fairy;44;38;39;61;79;42;198;72;74;114;146;80;292;192;194;243;282;201
670;Floette;Fairy;54;45;47;75;98;52;218;85;89;139;180;98;312;207;212;273;324;223
671;Florges;Fairy;78;65;68;112;154;75;266;121;126;206;281;139;360;251;258;355;447;273
672;Skiddo;Grass;66;65;48;62;57;52;242;121;90;116;107;98;336;251;214;245;234;223
673;Gogoat;Grass;123;100;62;97;81;68;356;184;116;179;150;126;450;328;245;322;287;258
674;Pancham;Fighting;67;82;62;46;48;43;244;152;116;87;90;81;338;289;245;210;214;203
675;Pangoro;Fighting Dark;95;124;78;69;71;58;300;227;144;128;132;108;394;381;280;260;265;236
676;Furfrou;Normal;75;80;60;65;90;102;260;148;112;121;166;188;354;284;240;251;306;333
677;Espurr;Psychic;62;48;54;63;60;68;234;90;101;117;112;126;328;214;227;247;240;258
678;Meowstic;Psychic;74;48;76;83;81;104;258;90;141;153;150;191;352;214;276;291;287;337
679;Honedge;Steel Ghost;45;80;100;35;37;28;200;148;184;67;71;54;294;284;328;185;190;170
680;Doublade;Steel Ghost;59;110;150;45;49;35;228;202;274;85;92;67;322;350;438;207;216;185
681;Aegislash;Steel Ghost;60;50;140;50;140;60;230;94;256;94;256;112;324;218;416;218;416;240
682;Spritzee;Fairy;78;52;60;63;65;23;266;98;112;117;121;45;360;223;240;247;251;159
683;Aromatisse;Fairy;101;72;72;99;89;29;312;134;134;182;164;56;406;267;267;326;304;172
684;Swirlix;Fairy;62;48;66;59;57;49;234;90;123;110;107;92;328;214;254;238;234;216
685;Slurpuff;Fairy;82;80;86;85;75;72;274;148;159;157;139;134;368;284;298;295;273;267
686;Inkay;Dark Psychic;53;54;53;37;46;45;216;101;99;71;87;85;310;227;225;190;210;207
687;Malamar;Dark Psychic;86;92;88;68;75;73;282;170;162;126;139;135;376;311;302;258;273;269
688;Binacle;Rock Water;42;52;67;39;56;50;194;98;125;74;105;94;288;223;256;194;232;218
689;Barbaracle;Rock Water;72;105;115;54;86;68;254;193;211;101;159;126;348;339;361;227;298;258
690;Skrelp;Poison Water;50;60;60;60;60;30;210;112;112;112;112;58;304;240;240;240;240;174
691;Dragalge;Poison Dragon;65;75;90;97;123;44;240;139;166;179;225;83;334;273;306;322;379;205
692;Clauncher;Water;50;53;62;58;63;44;210;99;116;108;117;83;304;225;245;236;247;205
693;Clawitzer;Water;71;73;88;120;89;59;252;135;162;220;164;110;346;269;302;372;304;238
694;Helioptile;Electric Normal;44;38;33;61;43;70;198;72;63;114;81;130;292;192;181;243;203;262
695;Heliolisk;Electric Normal;62;55;52;109;94;109;234;103;98;200;173;200;328;229;223;348;315;348
696;Tyrunt;Rock Dragon;58;89;77;45;45;48;226;164;143;85;85;90;320;304;278;207;207;214
697;Tyrantrum;Rock Dragon;82;121;119;69;59;71;274;222;218;128;110;132;368;375;370;260;238;265
698;Amaura;Rock Ice;77;59;50;67;63;46;264;110;94;125;117;87;358;238;218;256;247;210
699;Aurorus;Rock Ice;123;77;72;99;92;58;356;143;134;182;170;108;450;278;267;326;311;236
700;Sylveon;Fairy;95;65;65;110;130;60;300;121;121;202;238;112;394;251;251;350;394;240
701;Hawlucha;Fighting Flying;78;92;75;74;63;118;266;170;139;137;117;216;360;311;273;271;247;368
702;Dedenne;Electric Fairy;67;58;57;81;67;101;244;108;107;150;125;186;338;236;234;287;256;331
703;Carbink;Rock Fairy;50;50;150;50;150;50;210;94;274;94;274;94;304;218;438;218;438;218
704;Goomy;Dragon;45;50;35;55;75;40;200;94;67;103;139;76;294;218;185;229;273;196
705;Sliggoo;Dragon;68;75;53;83;113;60;246;139;99;153;207;112;340;273;225;291;357;240
706;Goodra;Dragon;90;100;70;110;150;80;290;184;130;202;274;148;384;328;262;350;438;284
707;Klefki;Steel Fairy;57;80;91;80;87;75;224;148;168;148;161;139;318;284;309;284;300;273
708;Phantump;Ghost Grass;43;70;48;50;60;38;196;130;90;94;112;72;290;262;214;218;240;192
709;Trevenant;Ghost Grass;85;110;76;65;82;56;280;202;141;121;152;105;374;350;276;251;289;232
710;Pumpkaboo;Ghost Grass;49;66;70;44;55;51;208;123;130;83;103;96;302;254;262;205;229;221
711;Gourgeist;Ghost Grass;65;90;122;58;75;84;240;166;224;108;139;155;334;306;377;236;273;293
712;Bergmite;Ice;55;69;85;32;35;28;220;128;157;62;67;54;314;260;295;179;185;170
713;Avalugg;Ice;95;117;184;44;46;28;300;215;335;83;87;54;394;366;513;205;210;170
714;Noibat;Flying Dragon;40;30;35;45;40;55;190;58;67;85;76;103;284;174;185;207;196;229
715;Noivern;Flying Dragon;85;70;80;97;80;123;280;130;148;179;148;225;374;262;284;322;284;379
716;Xerneas;Fairy;126;131;95;131;98;99;362;240;175;240;180;182;456;397;317;397;324;326
717;Yveltal;Dark Flying;126;131;95;131;98;99;362;240;175;240;180;182;456;397;317;397;324;326
718;Zygarde;Dragon Ground;108;100;121;81;95;95;326;184;222;150;175;175;420;328;375;287;317;317
719;Diancie;Rock Fairy;50;100;150;100;150;50;210;184;274;184;274;94;304;328;438;328;438;218
720;Hoopa;Psychic Ghost;80;110;60;150;130;70;270;202;112;274;238;130;364;350;240;438;394;262
721;Volcanion;Fire Water;80;110;120;130;90;70;270;202;220;238;166;130;364;350;372;394;306;262
722;Rowlet;Grass Flying;68;55;55;50;50;42;246;103;103;94;94;80;340;229;229;218;218;201
723;Dartrix;Grass Flying;78;75;75;70;70;52;266;139;139;130;130;98;360;273;273;262;262;223
724;Decidueye;Grass Ghost;78;107;75;100;100;70;266;197;139;184;184;130;360;344;273;328;328;262
725;Litten;Fire;45;65;40;60;40;70;200;121;76;112;76;130;294;251;196;240;196;262
726;Torracat;Fire;65;85;50;80;50;90;240;157;94;148;94;166;334;295;218;284;218;306
727;Incineroar;Fire Dark;95;115;90;80;90;60;300;211;166;148;166;112;394;361;306;284;306;240
728;Popplio;Water;50;54;54;66;56;40;210;101;101;123;105;76;304;227;227;254;232;196
729;Brionne;Water;60;69;69;91;81;50;230;128;128;168;150;94;324;260;260;309;287;218
730;Primarina;Water Fairy;80;74;74;126;116;60;270;137;137;231;213;112;364;271;271;386;364;240
731;Pikipek;Normal Flying;35;75;30;30;30;65;180;139;58;58;58;121;274;273;174;174;174;251
732;Trumbeak;Normal Flying;55;85;50;40;50;75;220;157;94;76;94;139;314;295;218;196;218;273
733;Toucannon;Normal Flying;80;120;75;75;75;60;270;220;139;139;139;112;364;372;273;273;273;240
734;Yungoos;Normal;48;70;30;30;30;45;206;130;58;58;58;85;300;262;174;174;174;207
735;Gumshoos;Normal;88;110;60;55;60;45;286;202;112;103;112;85;380;350;240;229;240;207
736;Grubbin;Bug;47;62;45;55;45;46;204;116;85;103;85;87;298;245;207;229;207;210
737;Charjabug;Bug Electric;57;82;95;55;75;36;224;152;175;103;139;69;318;289;317;229;273;188
738;Vikavolt;Bug Electric;77;70;90;145;75;43;264;130;166;265;139;81;358;262;306;427;273;203
739;Crabrawler;Fighting;47;82;57;42;47;63;204;152;107;80;89;117;298;289;234;201;212;247
740;Crabominable;Fighting Ice;97;132;77;62;67;43;304;242;143;116;125;81;398;399;278;245;256;203
741;Oricorio;Fire Flying;75;70;70;98;70;93;260;130;130;180;130;171;354;262;262;324;262;313
742;Cutiefly;Bug Fairy;40;45;40;55;40;84;190;85;76;103;76;155;284;207;196;229;196;293
743;Ribombee;Bug Fairy;60;55;60;95;70;124;230;103;112;175;130;227;324;229;240;317;262;381
744;Rockruff;Rock;45;65;40;30;40;60;200;121;76;58;76;112;294;251;196;174;196;240
745;Lycanroc;Rock;75;115;65;55;65;112;260;211;121;103;121;206;354;361;251;229;251;355
746;Wishiwashi;Water;45;20;20;25;25;40;200;40;40;49;49;76;294;152;152;163;163;196
747;Mareanie;Poison Water;50;53;62;43;52;45;210;99;116;81;98;85;304;225;245;203;223;207
748;Toxapex;Poison Water;50;63;152;53;142;35;210;117;278;99;260;67;304;247;443;225;421;185
749;Mudbray;Ground;70;100;70;45;55;45;250;184;130;85;103;85;344;328;262;207;229;207
750;Mudsdale;Ground;100;125;100;55;85;35;310;229;184;103;157;67;404;383;328;229;295;185
751;Dewpider;Water Bug;38;40;52;40;72;27;186;76;98;76;134;53;280;196;223;196;267;168
752;Araquanid;Water Bug;68;70;92;50;132;42;246;130;170;94;242;80;340;262;311;218;399;201
753;Fomantis;Grass;40;55;35;50;35;35;190;103;67;94;67;67;284;229;185;218;185;185
754;Lurantis;Grass;70;105;90;80;90;45;250;193;166;148;166;85;344;339;306;284;306;207
755;Morelull;Grass Fairy;40;35;55;65;75;15;190;67;103;121;139;31;284;185;229;251;273;141
756;Shiinotic;Grass Fairy;60;45;80;90;100;30;230;85;148;166;184;58;324;207;284;306;328;174
757;Salandit;Poison Fire;48;44;40;71;40;77;206;83;76;132;76;143;300;205;196;265;196;278
758;Salazzle;Poison Fire;68;64;60;111;60;117;246;119;112;204;112;215;340;249;240;353;240;366
759;Stufful;Normal Fighting;70;75;50;45;50;50;250;139;94;85;94;94;344;273;218;207;218;218
760;Bewear;Normal Fighting;120;125;80;55;60;60;350;229;148;103;112;112;444;383;284;229;240;240
761;Bounsweet;Grass;42;30;38;30;38;32;194;58;72;58;72;62;288;174;192;174;192;179
762;Steenee;Grass;52;40;48;40;48;62;214;76;90;76;90;116;308;196;214;196;214;245
763;Tsareena;Grass;72;120;98;50;98;72;254;220;180;94;180;134;348;372;324;218;324;267
764;Comfey;Fairy;51;52;90;82;110;100;212;98;166;152;202;184;306;223;306;289;350;328
765;Oranguru;Normal Psychic;90;60;80;90;110;60;290;112;148;166;202;112;384;240;284;306;350;240
766;Passimian;Fighting;100;120;90;40;60;80;310;220;166;76;112;148;404;372;306;196;240;284
767;Wimpod;Bug Water;25;35;40;20;30;80;160;67;76;40;58;148;254;185;196;152;174;284
768;Golisopod;Bug Water;75;125;140;60;90;40;260;229;256;112;166;76;354;383;416;240;306;196
769;Sandygast;Ghost Ground;55;55;80;70;45;15;220;103;148;130;85;31;314;229;284;262;207;141
770;Palossand;Ghost Ground;85;75;110;100;75;35;280;139;202;184;139;67;374;273;350;328;273;185
771;Pyukumuku;Water;55;60;130;30;130;5;220;112;238;58;238;13;314;240;394;174;394;119
772;Type: Null;Normal;95;95;95;95;95;59;300;175;175;175;175;110;394;317;317;317;317;238
773;Silvally;Normal;95;95;95;95;95;95;300;175;175;175;175;175;394;317;317;317;317;317
774;Minior;Rock Flying;60;60;100;60;100;60;230;112;184;112;184;112;324;240;328;240;328;240
775;Komala;Normal;65;115;65;75;95;65;240;211;121;139;175;121;334;361;251;273;317;251
776;Turtonator;Fire Dragon;60;78;135;91;85;36;230;144;247;168;157;69;324;280;405;309;295;188
777;Togedemaru;Electric Steel;65;98;63;40;73;96;240;180;117;76;135;177;334;324;247;196;269;320
778;Mimikyu;Ghost Fairy;55;90;80;50;105;96;220;166;148;94;193;177;314;306;284;218;339;320
779;Bruxish;Water Psychic;68;105;70;70;70;92;246;193;130;130;130;170;340;339;262;262;262;311
780;Drampa;Normal Dragon;78;60;85;135;91;36;266;112;157;247;168;69;360;240;295;405;309;188
781;Dhelmise;Ghost Grass;70;131;100;86;90;40;250;240;184;159;166;76;344;397;328;298;306;196
782;Jangmo-o;Dragon;45;55;65;45;45;45;200;103;121;85;85;85;294;229;251;207;207;207
783;Hakamo-o;Dragon Fighting;55;75;90;65;70;65;220;139;166;121;130;121;314;273;306;251;262;251
784;Kommo-o;Dragon Fighting;75;110;125;100;105;85;260;202;229;184;193;157;354;350;383;328;339;295
785;Tapu Koko;Electric Fairy;70;115;85;95;75;130;250;211;157;175;139;238;344;361;295;317;273;394
786;Tapu Lele;Psychic Fairy;70;85;75;130;115;95;250;157;139;238;211;175;344;295;273;394;361;317
787;Tapu Bulu;Grass Fairy;70;130;115;85;95;75;250;238;211;157;175;139;344;394;361;295;317;273
788;Tapu Fini;Water Fairy;70;75;115;95;130;85;250;139;211;175;238;157;344;273;361;317;394;295
789;Cosmog;Psychic;43;29;31;29;31;37;196;56;60;56;60;71;290;172;177;172;177;190
790;Cosmoem;Psychic;43;29;131;29;131;37;196;56;240;56;240;71;290;172;397;172;397;190
791;Solgaleo;Psychic Steel;137;137;107;113;89;97;384;251;197;207;164;179;478;410;344;357;304;322
792;Lunala;Psychic Ghost;137;113;89;137;107;97;384;207;164;251;197;179;478;357;304;410;344;322
793;Nihilego;Rock Poison;109;53;47;127;131;103;328;99;89;233;240;189;422;225;212;388;397;335
794;Buzzwole;Bug Fighting;107;139;139;53;53;79;324;254;254;99;99;146;418;414;414;225;225;282
795;Pheromosa;Bug Fighting;71;137;37;137;37;151;252;251;71;251;71;276;346;410;190;410;190;441
796;Xurkitree;Electric;83;89;71;173;71;83;276;164;132;315;132;153;370;304;265;489;265;291
797;Celesteela;Steel Flying;97;101;103;107;101;61;304;186;189;197;186;114;398;331;335;344;331;243
798;Kartana;Grass Steel;59;181;131;59;31;109;228;330;240;110;60;200;322;507;397;238;177;348
799;Guzzlord;Dark Dragon;223;101;53;97;53;43;556;186;99;179;99;81;650;331;225;322;225;203
800;Necrozma;Psychic;97;107;101;127;89;79;304;197;186;233;164;146;398;344;331;388;304;282
801;Magearna;Steel Fairy;80;95;115;130;115;65;270;175;211;238;211;121;364;317;361;394;361;251
802;Marshadow;Fighting Ghost;90;125;80;90;90;125;290;229;148;166;166;229;384;383;284;306;306;383
803;Poipole;Poison;67;73;67;73;67;73;244;135;125;135;125;135;338;269;256;269;256;269
804;Naganadel;Poison Dragon;73;73;73;127;73;121;256;135;135;233;135;222;350;269;269;388;269;375
805;Stakataka;Rock Steel;61;131;211;53;101;13;232;240;384;99;186;27;326;397;573;225;331;137
806;Blacephalon;Fire Ghost;53;127;53;151;79;107;216;233;99;276;146;197;310;388;225;441;282;344
807;Zeraora;Electric;88;112;75;102;80;143;286;206;139;188;148;261;380;355;273;333;284;423
808;Meltan;Steel;46;65;65;55;35;34;202;121;121;103;67;65;296;251;251;229;185;183
809;Melmetal;Steel;135;143;143;80;65;34;380;261;261;148;121;65;474;423;423;284;251;183
810;Grookey;Grass;50;65;50;40;40;65;210;121;94;76;76;121;304;251;218;196;196;251
811;Thwackey;Grass;70;85;70;55;60;80;250;157;130;103;112;148;344;295;262;229;240;284
812;Rillaboom;Grass;100;125;90;60;70;85;310;229;166;112;130;157;404;383;306;240;262;295
813;Scorbunny;Fire;50;71;40;40;40;69;210;132;76;76;76;128;304;265;196;196;196;260
814;Raboot;Fire;65;86;60;55;60;94;240;159;112;103;112;173;334;298;240;229;240;315
815;Cinderace;Fire;80;116;75;65;75;119;270;213;139;121;139;218;364;364;273;251;273;370
816;Sobble;Water;50;40;40;70;40;70;210;76;76;130;76;130;304;196;196;262;196;262
817;Drizzile;Water;65;60;55;95;55;90;240;112;103;175;103;166;334;240;229;317;229;306
818;Inteleon;Water;70;85;65;125;65;120;250;157;121;229;121;220;344;295;251;383;251;372
819;Skwovet;Normal;70;55;55;35;35;25;250;103;103;67;67;49;344;229;229;185;185;163
820;Greedent;Normal;120;95;95;55;75;20;350;175;175;103;139;40;444;317;317;229;273;152
821;Rookidee;Flying;38;47;35;33;35;57;186;89;67;63;67;107;280;212;185;181;185;234
822;Corvisquire;Flying;68;67;55;43;55;77;246;125;103;81;103;143;340;256;229;203;229;278
823;Corviknight;Flying Steel;98;87;105;53;85;67;306;161;193;99;157;125;400;300;339;225;295;256
824;Blipbug;Bug;25;20;20;25;45;45;160;40;40;49;85;85;254;152;152;163;207;207
825;Dottler;Bug Psychic;50;35;80;50;90;30;210;67;148;94;166;58;304;185;284;218;306;174
826;Orbeetle;Bug Psychic;60;45;110;80;120;90;230;85;202;148;220;166;324;207;350;284;372;306
827;Nickit;Dark;40;28;28;47;52;50;190;54;54;89;98;94;284;170;170;212;223;218
828;Thievul;Dark;70;58;58;87;92;90;250;108;108;161;170;166;344;236;236;300;311;306
829;Gossifleur;Grass;40;40;60;40;60;10;190;76;112;76;112;22;284;196;240;196;240;130
830;Eldegoss;Grass;60;50;90;80;120;60;230;94;166;148;220;112;324;218;306;284;372;240
831;Wooloo;Normal;42;40;55;40;45;48;194;76;103;76;85;90;288;196;229;196;207;214
832;Dubwool;Normal;72;80;100;60;90;88;254;148;184;112;166;162;348;284;328;240;306;302
833;Chewtle;Water;50;64;50;38;38;44;210;119;94;72;72;83;304;249;218;192;192;205
834;Drednaw;Water Rock;90;115;90;48;68;74;290;211;166;90;126;137;384;361;306;214;258;271
835;Yamper;Electric;59;45;50;40;50;26;228;85;94;76;94;51;322;207;218;196;218;166
836;Boltund;Electric;69;90;60;90;60;121;248;166;112;166;112;222;342;306;240;306;240;375
837;Rolycoly;Rock;30;40;50;40;50;30;170;76;94;76;94;58;264;196;218;196;218;174
838;Carkol;Rock Fire;80;60;90;60;70;50;270;112;166;112;130;94;364;240;306;240;262;218
839;Coalossal;Rock Fire;110;80;120;80;90;30;330;148;220;148;166;58;424;284;372;284;306;174
840;Applin;Grass Dragon;40;40;80;40;40;20;190;76;148;76;76;40;284;196;284;196;196;152
841;Flapple;Grass Dragon;70;110;80;95;60;70;250;202;148;175;112;130;344;350;284;317;240;262
842;Appletun;Grass Dragon;110;85;80;100;80;30;330;157;148;184;148;58;424;295;284;328;284;174
843;Silicobra;Ground;52;57;75;35;50;46;214;107;139;67;94;87;308;234;273;185;218;210
844;Sandaconda;Ground;72;107;125;65;70;71;254;197;229;121;130;132;348;344;383;251;262;265
845;Cramorant;Flying Water;70;85;55;85;95;85;250;157;103;157;175;157;344;295;229;295;317;295
846;Arrokuda;Water;41;63;40;40;30;66;192;117;76;76;58;123;286;247;196;196;174;254
847;Barraskewda;Water;61;123;60;60;50;136;232;225;112;112;94;249;326;379;240;240;218;408
848;Toxel;Electric Poison;40;38;35;54;35;40;190;72;67;101;67;76;284;192;185;227;185;196
849;Toxtricity;Electric Poison;75;98;70;114;70;75;260;180;130;209;130;139;354;324;262;359;262;273
850;Sizzlipede;Fire Bug;50;65;45;50;50;45;210;121;85;94;94;85;304;251;207;218;218;207
851;Centiskorch;Fire Bug;100;115;65;90;90;65;310;211;121;166;166;121;404;361;251;306;306;251
852;Clobbopus;Fighting;50;68;60;50;50;32;210;126;112;94;94;62;304;258;240;218;218;179
853;Grapploct;Fighting;80;118;90;70;80;42;270;216;166;130;148;80;364;368;306;262;284;201
854;Sinistea;Ghost;40;45;45;74;54;50;190;85;85;137;101;94;284;207;207;271;227;218
855;Polteageist;Ghost;60;65;65;134;114;70;230;121;121;245;209;130;324;251;251;403;359;262
856;Hatenna;Psychic;42;30;45;56;53;39;194;58;85;105;99;74;288;174;207;232;225;194
857;Hattrem;Psychic;57;40;65;86;73;49;224;76;121;159;135;92;318;196;251;298;269;216
858;Hatterene;Psychic Fairy;57;90;95;136;103;29;224;166;175;249;189;56;318;306;317;408;335;172
859;Impidimp;Dark Fairy;45;45;30;55;40;50;200;85;58;103;76;94;294;207;174;229;196;218
860;Morgrem;Dark Fairy;65;60;45;75;55;70;240;112;85;139;103;130;334;240;207;273;229;262
861;Grimmsnarl;Dark Fairy;95;120;65;95;75;60;300;220;121;175;139;112;394;372;251;317;273;240
862;Obstagoon;Dark Normal;93;90;101;60;81;95;296;166;186;112;150;175;390;306;331;240;287;317
863;Perrserker;Steel;70;110;100;50;60;50;250;202;184;94;112;94;344;350;328;218;240;218
864;Cursola;Ghost;60;95;50;145;130;30;230;175;94;265;238;58;324;317;218;427;394;174
865;Sirfetch'd;Fighting;62;135;95;68;82;65;234;247;175;126;152;121;328;405;317;258;289;251
866;Mr. Rime;Ice Psychic;80;85;75;110;100;70;270;157;139;202;184;130;364;295;273;350;328;262
867;Runerigus;Ground Ghost;58;95;145;50;105;30;226;175;265;94;193;58;320;317;427;218;339;174
868;Milcery;Fairy;45;40;40;50;61;34;200;76;76;94;114;65;294;196;196;218;243;183
869;Alcremie;Fairy;65;60;75;110;121;64;240;112;139;202;222;119;334;240;273;350;375;249
870;Falinks;Fighting;65;100;100;70;60;75;240;184;184;130;112;139;334;328;328;262;240;273
871;Pincurchin;Electric;48;101;95;91;85;15;206;186;175;168;157;31;300;331;317;309;295;141
872;Snom;Ice Bug;30;25;35;45;30;20;170;49;67;85;58;40;264;163;185;207;174;152
873;Frosmoth;Ice Bug;70;65;60;125;90;65;250;121;112;229;166;121;344;251;240;383;306;251
874;Stonjourner;Rock;100;125;135;20;20;70;310;229;247;40;40;130;404;383;405;152;152;262
875;Eiscue;Ice;75;80;110;65;90;50;260;148;202;121;166;94;354;284;350;251;306;218
876;Indeedee;Psychic Normal;60;65;55;105;95;95;230;121;103;193;175;175;324;251;229;339;317;317
877;Morpeko;Electric Dark;58;95;58;70;58;97;226;175;108;130;108;179;320;317;236;262;236;322
878;Cufant;Steel;72;80;49;40;49;40;254;148;92;76;92;76;348;284;216;196;216;196
879;Copperajah;Steel;122;130;69;80;69;30;354;238;128;148;128;58;448;394;260;284;260;174
880;Dracozolt;Electric Dragon;90;100;90;80;70;75;290;184;166;148;130;139;384;328;306;284;262;273
881;Arctozolt;Electric Ice;90;100;90;90;80;55;290;184;166;166;148;103;384;328;306;306;284;229
882;Dracovish;Water Dragon;90;90;100;70;80;75;290;166;184;130;148;139;384;306;328;262;284;273
883;Arctovish;Water Ice;90;90;100;80;90;55;290;166;184;148;166;103;384;306;328;284;306;229
884;Duraludon;Steel Dragon;70;95;115;120;50;85;250;175;211;220;94;157;344;317;361;372;218;295
885;Dreepy;Dragon Ghost;28;60;30;40;30;82;166;112;58;76;58;152;260;240;174;196;174;289
886;Drakloak;Dragon Ghost;68;80;50;60;50;102;246;148;94;112;94;188;340;284;218;240;218;333
887;Dragapult;Dragon Ghost;88;120;75;100;75;142;286;220;139;184;139;260;380;372;273;328;273;421
888;Zacian;Fairy Steel;92;170;115;80;115;148;294;310;211;148;211;270;388;482;361;284;361;434
889;Zamazenta;Fighting Steel;92;130;145;80;145;128;294;238;265;148;265;234;388;394;427;284;427;390
890;Eternatus;Poison Dragon;140;85;95;145;95;130;390;157;175;265;175;238;484;295;317;427;317;394
891;Kubfu;Fighting;60;90;60;53;50;72;230;166;112;99;94;134;324;306;240;225;218;267
892;Urshifu;Fighting Dark;100;130;100;63;60;97;310;238;184;117;112;179;404;394;328;247;240;322
893;Zarude;Dark Grass;105;120;105;70;95;105;320;220;193;130;175;193;414;372;339;262;317;339
894;Regieleki;Electric;80;100;50;100;50;200;270;184;94;184;94;364;364;328;218;328;218;548
895;Regidrago;Dragon;200;100;50;100;50;80;510;184;94;184;94;148;604;328;218;328;218;284
896;Glastrier;Ice;100;145;130;65;110;30;310;265;238;121;202;58;404;427;394;251;350;174
897;Spectrier;Ghost;100;65;60;145;80;130;310;121;112;265;148;238;404;251;240;427;284;394
898;Calyrex;Psychic Grass;100;80;80;80;80;80;310;148;148;148;148;148;404;284;284;284;284;284
899;Wyrdeer;Normal Psychic;103;105;72;105;75;65;316;193;134;193;139;121;410;339;267;339;273;251
900;Kleavor;Bug Rock;70;135;95;45;70;85;250;247;175;85;130;157;344;405;317;207;262;295
901;Ursaluna;Normal Ground;130;140;105;45;80;50;370;256;193;85;148;94;464;416;339;207;284;218
902;Basculegion;Water Ghost;120;112;65;80;75;78;350;206;121;148;139;144;444;355;251;284;273;280
903;Sneasler;Poison Fighting;80;130;60;40;80;120;270;238;112;76;148;220;364;394;240;196;284;372
904;Overqwil;Dark Poison;85;115;95;65;65;85;280;211;175;121;121;157;374;361;317;251;251;295
905;Enamorus;Fairy Flying;74;115;70;135;80;106;258;211;130;247;148;195;352;361;262;405;284;342
